Text,Class
ಹೋಟೆಲ್ ಕಳಪೆಯಾಗಿ ನಿರ್ವಹಿಸಲ್ಪಟ್ಟಿದೆ,0
ಅವರು ಕೆಟ್ಟ ಸೇವೆಯನ್ನು ನೀಡಿದರು,0
ಕ್ಯಾಬ್‌ನ ಒಳಭಾಗವನ್ನು ಸರಿಯಾಗಿ ನಿರ್ವಹಿಸಲಾಗಿಲ್ಲ,0
ಕ್ಯಾಬ್ ಒಳಭಾಗ ಕೊಳಕು,0
ನಾವು ಅಗ್ಗದ ವಿಮಾನವನ್ನು ಬುಕ್ ಮಾಡಬಹುದಿತ್ತು,0
ಹೋಟೆಲ್ ಇರುವ ಸ್ಥಳ ಚೆನ್ನಾಗಿರಲಿಲ್ಲ,0
ಶಿಟ್ ಗೆಳೆಯಾ... ನನ್ನ ವಿಮಾನ ತಡವಾಯಿತು,0
ಕ್ಯಾಬ್ ಡ್ರೈವರ್ ನನ್ನನ್ನು ತಪ್ಪಾದ ಸ್ಥಳಕ್ಕೆ ಕರೆದೊಯ್ದನು,0
ಘಟನೆ ನನ್ನ ಮನಸ್ಥಿತಿಯನ್ನು ಹಾಳು ಮಾಡಿತು,0
ನಾವು ಈ ಬಾರಿ ಮೋಜು ಮಾಡಲಿಲ್ಲ,0
ಅವನು ನನಗೆ ತೊಂದರೆ ಕೊಡುತ್ತಿದ್ದಾನೆ,0
ತರಗತಿ ಪರೀಕ್ಷೆಯನ್ನು ಪೂರ್ವಭಾವಿಯಾಗಿ ನಡೆಸಲಾಯಿತು,0
ಇಂದಿನ ಹವಾಮಾನ ಕೆಟ್ಟದಾಗಿದೆ,0
ನಾನು ಸಿಟ್ಟಾಗಿದ್ದೇನೆ,0
ಅವಳು ಸಿಟ್ಟಾಗಿದ್ದಾಳೆ,0
ಅವನು ಮೂಕ,0
ಅವನು ನಿಜವಾಗಿಯೂ ಕೋಪಗೊಂಡಿದ್ದಾನೆ,0
ಅವರು ತುಂಬಾ ಕೆಟ್ಟ ಜನರು,0
ಅವನು ನನ್ನ ಮೇಲೆ ಕೋಪಗೊಂಡಿದ್ದಾನೆ,0
ಅವರ ಸೇವೆ ತುಂಬಾ ಕೆಟ್ಟದಾಗಿತ್ತು,0
ಅವಳು ನನ್ನ ಮೇಲೆ ಕೋಪಗೊಂಡಿದ್ದಾಳೆ,0
ಸಿಬ್ಬಂದಿ ಅಸಭ್ಯವಾಗಿ ವರ್ತಿಸಿದರು,0
ಈ ಬಾರಿ ಟಿಕೆಟ್‌ಗಳು ದುಬಾರಿಯಾಗಿದೆ,0
ನನ್ನ ಬಾಸ್ ನನಗೆ ಅವಕಾಶ ನೀಡುವುದಿಲ್ಲ,0
ಅಪ್ಲಿಕೇಶನ್ ಯಾವುದೇ ಸಹಾಯಕವಾಗಿರಲಿಲ್ಲ,0
ಅವನು ಅವಳ ಮೇಲೆ ಕೋಪಗೊಂಡಿದ್ದಾನೆ,0
ಸಿಬ್ಬಂದಿ ಯಾವುದೇ ಪ್ರಯೋಜನವಾಗಲಿಲ್ಲ,0
ಹಲವು ಬಾರಿ ವಿದ್ಯುತ್ ಸಂಪರ್ಕ ಕಡಿತಗೊಂಡಿದೆ,0
ನಾನು ಅದನ್ನು ಖರೀದಿಸಿದ ನಂತರ ಉತ್ಪನ್ನವು ಅಸಮರ್ಪಕವಾಗಿ ಕಾರ್ಯನಿರ್ವಹಿಸಿತು,0
ರೆಸ್ಟೋರೆಂಟ್‌ನಲ್ಲಿ ತುಂಬಾ ಕೆಟ್ಟ ಅನುಭವವಾಯಿತು,0
ಈ ಅಪ್ಲಿಕೇಶನ್ ಉತ್ತಮವಾಗಿ ಕಾರ್ಯನಿರ್ವಹಿಸಬಹುದಿತ್ತು,0
ಪ್ರಸ್ತುತಿ ತುಂಬಾ ಕೆಟ್ಟದಾಗಿತ್ತು,0
ತಂಡವು ನಮ್ಮನ್ನು ನಿರಾಸೆಗೊಳಿಸಿತು,0
ಭಾರತ ಕ್ರಿಕೆಟ್ ಪಂದ್ಯದಲ್ಲಿ ಇಂಗ್ಲೆಂಡ್ ವಿರುದ್ಧ ಸೋತಿತು,0
ಕ್ಯಾಬ್ ಡ್ರೈವರ್ ನನ್ನನ್ನು ಕ್ಯಾಬ್ ಸವಾರಿಯ ಮಧ್ಯದಲ್ಲಿ ಇಳಿಸಿದನು,0
ನಾನು ಜೀವನದಿಂದ ಬೇಸರಗೊಂಡಿದ್ದೇನೆ,0
ನಾನು ಇದೀಗ ತುಂಬಾ ಹಸಿದಿದ್ದೇನೆ,0
ಚಿತ್ರ ನೀರಸವಾಗಿತ್ತು,0
ಚಿತ್ರದ ಟಿಕೆಟ್‌ಗಳು ನೀರಸವಾಗಿತ್ತು,0
ಅವನು ತನ್ನ ಕೋಪಕ್ಕೆ ಹೆಸರುವಾಸಿಯಾಗಿದ್ದಾನೆ,2
ನಟನ ನಡವಳಿಕೆಯನ್ನು ಜನರು ತುಂಬಾ ನೋಯಿಸುತ್ತಾರೆ,0
ನಾನು ಇದೀಗ ತುಂಬಾ ನೋವಿನಲ್ಲಿದ್ದೇನೆ,0
ನನ್ನ ಖಾತೆಗೆ ಹಣ ಡೆಬಿಟ್ ಆಗಿಲ್ಲ.,0
ನನ್ನ ಸ್ನೇಹಿತ ನನ್ನನ್ನು ಇತರರ ಮುಂದೆ ಅವಮಾನಿಸಿದ,0
ಅವನು ಬಡವನ ಮೇಲೆ ನಿಂದನೆಗಳನ್ನು ಎಸೆದನು,0
ಇದು ಮೊದಲು ಸಂಭವಿಸಿದೆ ಎಂದು ನಾನು ಬಯಸುತ್ತೇನೆ,0
ನನ್ನ ಸಮಸ್ಯೆ ನಿನಗೆ ಏಕೆ ಅರ್ಥವಾಗುತ್ತಿಲ್ಲ?,0
ನಾನು ಹಲವಾರು ಬಾರಿ ಪುನರಾವರ್ತಿಸಿದ್ದೇನೆ,0
ನಿನಗೇನು ಹುಚ್ಚ?,0
ನೀವು ತುಂಬಾ ಬೇಜವಾಬ್ದಾರಿ,0
ಈಗಿನ ಪೀಳಿಗೆಗೆ ಹಿರಿಯರ ಬಗ್ಗೆ ಗೌರವವಿಲ್ಲ,0
ನಾನು ಇನ್ನು ಮುಂದೆ ನಿಮ್ಮೊಂದಿಗೆ ಮಾತನಾಡಲು ಬಯಸುವುದಿಲ್ಲ,0
ನೀನು ದೊಡ್ಡ ಮೂರ್ಖ,0
ವೆಬ್‌ಸೈಟ್ ತುಂಬಾ ನಿಧಾನವಾಗಿದೆ,0
ಮ್ಯಾನೇಜರ್ ಯಾವುದೇ ಕಾರಣವಿಲ್ಲದೆ ಬೇಗನೆ ಕೋಪಗೊಳ್ಳುತ್ತಾನೆ,0
ವೈದ್ಯರು ನನ್ನ ಅನಾರೋಗ್ಯವನ್ನು ಸರಿಯಾದ ಸಮಯದಲ್ಲಿ ಪತ್ತೆಹಚ್ಚಲಿಲ್ಲ,0
ಸಿಬ್ಬಂದಿ ನಮ್ಮನ್ನು ಬಹಳ ಹೊತ್ತು ಕಾಯುವಂತೆ ಮಾಡಿದರು,0
ನೀವು ಎಷ್ಟು ಬಾರಿ ಹೇಳುತ್ತೀರಿ?,0
ನೀವು ತುಂಬಾ ಕೃತಘ್ನ ವ್ಯಕ್ತಿ,0
ನಿಮಗೆ ಏನೂ ಅರ್ಥವಾಗುತ್ತಿಲ್ಲ,0
ನೀನೋಬ್ಬ ಸುಳ್ಳುಗಾರ,0
ಸಾಗಣೆಯ ಸಮಯದಲ್ಲಿ ಪ್ಯಾಕೇಜ್ ಕಳೆದುಹೋಗಿದೆ,0
ನಿಮ್ಮ ಬಗ್ಗೆ ನೀವು ಏನು ಯೋಚಿಸುತ್ತೀರಿ?,0
ಆ ವ್ಯಕ್ತಿ ಅವಳ ಪರ್ಸ್ ಕದ್ದ,0
ಅವಳು ಮನರಂಜನಾ ಉದ್ದೇಶಗಳಿಗಾಗಿ ನನ್ನ ಖಾತೆಯನ್ನು ದುರುಪಯೋಗಪಡಿಸಿಕೊಂಡಳು,0
ನಾನು ಇನ್ನು ಮುಂದೆ ಅವಳನ್ನು ನಂಬುವುದಿಲ್ಲ,0
ಅವರು ಇತರರ ಅನುಪಸ್ಥಿತಿಯಲ್ಲಿ ಅವರ ಬಗ್ಗೆ ಕೆಟ್ಟ ವಿಷಯಗಳನ್ನು ಮಾತನಾಡುತ್ತಾರೆ,0
ಯಾವುದೇ ಸಹಾಯವಿಲ್ಲದೆ ನೀವು ಒಂದೇ ಪರೀಕ್ಷೆಯಲ್ಲಿ ಉತ್ತೀರ್ಣರಾಗಲು ಸಾಧ್ಯವಿಲ್ಲ,0
ನೀನು ನನಗೆ ಹಾಗೆ ಹೇಳಬಾರದಿತ್ತು,0
ನೀವು ನಮ್ಮನ್ನು ಹುಚ್ಚರನ್ನಾಗಿ ಮಾಡುತ್ತೀರಿ,0
ಅವಳ ನಡವಳಿಕೆ ತುಂಬಾ ಕೆಟ್ಟದಾಗಿದೆ,0
ನಿನ್ನಿಂದಾಗಿ ನಾನು ನನ್ನ ಫೋನ್ ಕಳೆದುಕೊಂಡೆ,0
ಅವಳು ತನ್ನ ಏಕೈಕ ಮಗುವನ್ನು ತೊರೆದಳು,0
ಅವನು ಬಹಳಷ್ಟು ಹಣವನ್ನು ಖರ್ಚು ಮಾಡುತ್ತಾನೆ,0
ಅವನ ವರ್ತನೆ ಕೆಟ್ಟದಾಗಿದೆ,0
ಅವನು ಇತರರೊಂದಿಗೆ ಮಾತನಾಡುವ ರೀತಿ ಅಹಿತಕರವಾಗಿರುತ್ತದೆ,0
ಅವನು ಕೋಪಗೊಂಡಿದ್ದಾನೆ,0
ಏನಾಯಿತು ಎಂದು ಅವಳು ಕೋಪಗೊಂಡಿದ್ದಾಳೆ,0
ಅವಳು ವಯಸ್ಸಾದ ಕಾರಣ ಅವಳ ಮಗ ಅವಳನ್ನು ತೊರೆದನು,0
ನೀವು ವಿನಾಕಾರಣ ಏಕೆ ಜಗಳ ಮಾಡುತ್ತಿದ್ದೀರಿ?,0
ಅವರು ನಮಗೆ ಸುಳ್ಳು ಹೇಳಿದರು,0
ರಾಜನು ನನ್ನ ಆತ್ಮೀಯ ಸ್ನೇಹಿತನನ್ನು ವಂಚಿಸಿದನು,0
ಆ ಹೋಟೆಲ್ ಕೆಟ್ಟದಾಯಿತು,3
ಅದು ಕೆಟ್ಟ ಕ್ಯಾಬ್ ರೈಡ್ ಆಗಿತ್ತು,3
ನನ್ನ ನಾಯಿ ನಿನ್ನೆ ಸತ್ತುಹೋಯಿತು,3
ಕ್ಯಾಬ್‌ನ ಒಳಭಾಗ ತುಂಬಾ ಕೊಳಕಾಗಿತ್ತು,3
ಹೊಟೇಲ್‌ನಲ್ಲಿದ್ದವರ ವರ್ತನೆ ಕೆಟ್ಟದಾಗಿತ್ತು,3
ನಾವು ಅಗ್ಗದ ವಿಮಾನವನ್ನು ಬುಕ್ ಮಾಡಬಹುದಿತ್ತು,3
ನನ್ನ ಸಹೋದರ ಕಾರು ಅಪಘಾತದಲ್ಲಿ ನಿಧನರಾದರು,3
ನಾನು ಪರೀಕ್ಷೆಯಲ್ಲಿ ಅನುತ್ತೀರ್ಣನಾದೆ,3
ನಮ್ಮ ನೆರೆಹೊರೆಯವರು ಅಪಘಾತವನ್ನು ಎದುರಿಸಿದರು,3
ನಾವು ಹೋಟೆಲ್‌ನಲ್ಲಿ ಮೋಜು ಮಾಡಲಿಲ್ಲ,3
ಸುಂಟರಗಾಳಿಯು ಗ್ರಾಮಸ್ಥರ ಮೇಲೆ ದುಃಖ ತಂದಿತು,3
ನಾವು ಮೋಜು ಮಾಡಲಿಲ್ಲ,3
ನಾನು ಖಿನ್ನತೆಗೆ ಒಳಗಾಗಿದ್ದೇನೆ,3
ನನಗೆ ದುಖಃವಾಗಿದೆ,3
ಅವನು ಖಿನ್ನತೆಗೆ ಒಳಗಾಗಿದ್ದಾನೆ,3
ಅವಳು ಮಾರಣಾಂತಿಕ ಕಾಯಿಲೆಯಿಂದ ಬಳಲುತ್ತಿದ್ದಾಳೆ,3
ನಾನು ನನ್ನ ನೆಚ್ಚಿನ ಉಂಗುರವನ್ನು ಕಳೆದುಕೊಂಡೆ,3
ಅವನು ತನ್ನ ನಾಯಿಯನ್ನು ಕಳೆದುಕೊಂಡನು,3
ಯಾರೋ ನನ್ನ ಎಲ್ಲಾ ಹಣವನ್ನು ಕದ್ದಿದ್ದಾರೆ,3
ನಿಮ್ಮ ಮೇಲೆ ನಮಗೆ ಭರವಸೆ ಇಲ್ಲ,3
ನಾವು ನಿಮ್ಮ ಮೇಲಿನ ನಂಬಿಕೆಯನ್ನು ಕಳೆದುಕೊಂಡಿದ್ದೇವೆ,3
ನನ್ನ ತಾಯಿ ನನ್ನನ್ನು ಗದರಿಸಿದಳು,3
ಸೇವೆ ಕೆಟ್ಟದಾಗಿತ್ತು,3
ಸ್ಥಳವು ತುಂಬಾ ಕೊಳಕಾಗಿತ್ತು,3
ಇಂದು ತರಗತಿಯಲ್ಲಿ ನನಗೆ ಶಿಕ್ಷೆಯಾಯಿತು,3
ನಾವು ಇದನ್ನು ನಿಮ್ಮಿಂದ ನಿರೀಕ್ಷಿಸಿರಲಿಲ್ಲ,3
ಇದು ಕೆಲಸ ಮಾಡುವುದನ್ನು ನಿಲ್ಲಿಸಿತು,3
ನನ್ನ ಅದೃಷ್ಟ ಕೆಟ್ಟದಾಗಿದೆ,3
ನೀವು ಯಾವಾಗಲೂ ಏಕೆ ತಡವಾಗಿರುತ್ತೀರಿ?,3
ನನ್ನ ವಿಮಾನ ತಡವಾಯಿತು,3
ಅವಳು ನನ್ನೊಂದಿಗೆ ಬೇರ್ಪಟ್ಟಳು,3
ನಾನು ಮಗುವಾಗಿದ್ದಾಗ ನನ್ನ ತಾಯಿ ನನ್ನನ್ನು ತೊರೆದರು,3
ಅವನಿಗೆ ನ್ಯಾಯ ಸಿಗಲಿಲ್ಲ,3
ನನ್ನ ಸಂಬಳ ತುಂಬಾ ಕಡಿಮೆ,3
ಸಮಯಕ್ಕೆ ಕ್ಯಾಬ್ ಬರಲಿಲ್ಲ,3
ನಾವು ಅವನನ್ನು ಉಳಿಸಲು ಸಾಧ್ಯವಾಗಲಿಲ್ಲ,3
ಹೋಟೆಲ್‌ನಲ್ಲಿ ವಾಸ್ತವ್ಯ ಕೆಟ್ಟಿತ್ತು,3
ಅವರು ಅಪಘಾತವನ್ನು ಎದುರಿಸಿದರು,3
ನನ್ನ ಹೆಂಡತಿ ಪ್ರಾಣ ಕಳೆದುಕೊಂಡಳು,3
ಅಪ್ಲಿಕೇಶನ್ ಅಷ್ಟು ಉತ್ತಮವಾಗಿಲ್ಲ,3
ನಾವು ಅಪಘಾತವನ್ನು ಎದುರಿಸಿದ್ದೇವೆ,3
ಹವಾಮಾನದಿಂದಾಗಿ ನಾನು ಭಯಂಕರವಾಗಿ ಅಸ್ವಸ್ಥನಾಗಿದ್ದೆ,3
ಅವಳ ಎಲ್ಲಾ ಮಕ್ಕಳು ಬೆಂಕಿಯಲ್ಲಿ ಸತ್ತರು,3
ನಾನು ಅಸ್ವಸ್ಥನಾಗಿದ್ದೇನೆ,3
ಇದು ಮೊದಲು ಸಂಭವಿಸಿದೆ ಎಂದು ನಾನು ಬಯಸುತ್ತೇನೆ,3
ನೀವು ತಡವಾಗಿ ಬಂದಿದ್ದೀರಿ,3
ನಾವು ಅಂತ್ಯಕ್ರಿಯೆಯಲ್ಲಿ ಭಾಗವಹಿಸಿದ್ದೇವೆ,3
ನಾನು ನದಿಗೆ ಬಿದ್ದೆ,3
ಅದನ್ನು ಕೇಳಲು ಬೇಸರವಾಯಿತು,3
ಅವನು ಕೋಪಗೊಂಡಿದ್ದಾನೆ,0
ಚಾಲಕ ನನಗೆ ಇನ್ಸುಟ್ ಮಾಡಿದ,0
ಇದು ಸರಿಯಾಗಿ ಕೆಲಸ ಮಾಡುತ್ತಿಲ್ಲ,0
ನನ್ನ ಅದೃಷ್ಟ ಚೆನ್ನಾಗಿಲ್ಲ,0
ನಮಗೆ ತುಂಬಾ ಕೆಟ್ಟ ಅನುಭವವಾಗಿದೆ,0
ನೀನು ನಿಷ್ಪ್ರಯೋಜಕ,0
ದಯವಿಟ್ಟು ನಿಮ್ಮ ಮೆದುಳನ್ನು ಬಳಸಿ,0
ಅವಳ ಕರೆಗಳನ್ನು ತೆಗೆದುಕೊಳ್ಳದಿದ್ದಕ್ಕಾಗಿ ಅವಳು ನನ್ನ ಮೇಲೆ ಕೋಪಗೊಂಡಿದ್ದಾಳೆ,0
ಅವರು ನಿಮ್ಮ ಮೇಲೆ ತುಂಬಾ ಕೋಪಗೊಂಡಿದ್ದಾರೆ,0
ನೀವು ತುಂಬಾ ಸಹಾಯಕವಾಗುತ್ತಿಲ್ಲ,0
ನೀವು ಉದ್ದೇಶಪೂರ್ವಕವಾಗಿ ಪಾಕವಿಧಾನವನ್ನು ಹಾಳು ಮಾಡಿದ್ದೀರಿ,0
ಏನಾಗುತ್ತಿದೆ ಎಂದು ನಿಮಗೆ ತಿಳಿದಿದ್ದರೂ ನೀವು ನಮಗೆ ತಿಳಿಸಲಿಲ್ಲ,0
ಕಾರ್ಯಕ್ರಮವನ್ನು ನೋಡುವುದು ಸಮಯ ವ್ಯರ್ಥವಾಯಿತು,0
ನಿಮ್ಮಿಂದ ಈ ರೀತಿಯ ವರ್ತನೆಯನ್ನು ನಾವು ನಿರೀಕ್ಷಿಸಿರಲಿಲ್ಲ,0
ಇದು ತುಂಬಾ ನಿರಾಶಾದಾಯಕವಾಗಿತ್ತು,0
ಹೋಟೆಲ್ ತುಂಬಾ ಕೆಟ್ಟದಾಗಿತ್ತು,0
ಈ ಸ್ಥಳವು ಕೊಳಕು,0
ನನ್ನನ್ನು ಕ್ಷಮಿಸು,3
ನನ್ನ ಕುಟುಂಬ ಸತ್ತುಹೋಯಿತು,3
ಅವಳು ಇಂದು ಮದುವೆಯಾಗುತ್ತಿದ್ದಾಳೆ,1
ಅವರು ಅವಳ ಏಕೈಕ ಮಗುವನ್ನು ಅಪಹರಿಸಿದರು,3
ನಾನು ಯುದ್ಧವನ್ನು ಕಳೆದುಕೊಂಡೆ,3
ರಾಣಿ ಅಳುತ್ತಾಳೆ,3
ನನ್ನ ನೆಚ್ಚಿನ ಕಾರ್ಯಕ್ರಮ ಮುಕ್ತಾಯವಾಗಿದೆ,3
ಒಳ್ಳೆಯ ವಿಷಯಗಳು ಕೊನೆಗೊಳ್ಳುತ್ತವೆ,3
ನನ್ನ ನೆಚ್ಚಿನ ನಟ ನಿಧನರಾದರು,3
ನನ್ನ ಅಜ್ಜ ನನಗೆ ಅವರ ಆಶೀರ್ವಾದವನ್ನು ನೀಡಲಿಲ್ಲ,3
ಅವಳು ನನ್ನ ಮೇಲೆ ಕೋಪಗೊಂಡಿದ್ದಾಳೆ,3
ನಾನು ನನ್ನ ದೂರವಾಣಿಯನ್ನು ಕಳೆದುಕೊಂಡೆ,3
ನಾನು ನನ್ನ ದೂರವಾಣಿಯನ್ನು ಕಳೆದುಕೊಂಡೆ,3
ಅಪಘಾತದಲ್ಲಿ ಅನೇಕರು ಪ್ರಾಣ ಕಳೆದುಕೊಂಡರು,3
ನನ್ನ ಫೋನ್ ಚಾರ್ಜ್ ಖಾಲಿಯಾಗಿದೆ,3
ಅವನು ನನ್ನನ್ನು ಗೌರವಿಸುವುದಿಲ್ಲ,3
ಅವನು ನನ್ನನ್ನು ಹೊಡೆದನು,3
ನನ್ನ ತಾಯಿ ನನ್ನನ್ನು ಶಿಕ್ಷಿಸಿದಳು,3
ಕಾರ್ಯಕ್ರಮವು ತುಂಬಾ ಬೇಗ ಮುಗಿಯಿತು,3
ಅವಳು ನನಗೆ ಕಪಾಳಮೋಕ್ಷ ಮಾಡಿದಳು,3
ನಾವು ಇನ್ನು ಮಾತನಾಡುವುದಿಲ್ಲ,3
ನನ್ನ ತಂದೆ ನನ್ನೊಂದಿಗೆ ಮಾತನಾಡುತ್ತಿಲ್ಲ,3
ನಾವು ಪಂದ್ಯವನ್ನು ಕಳೆದುಕೊಂಡೆವು,3
ಅವರು ಮದುವೆಯ ಪ್ರಸ್ತಾಪವನ್ನು ತಿರಸ್ಕರಿಸಿದರು,3
ಅವನು ಅನಾಥ,3
ಅವನು ಕುರುಡ,3
ಅವನು ಜೀವನದಲ್ಲಿ ಒಂಟಿಯಾಗಿದ್ದಾನೆ,3
ಅವಳು ಶಾಲೆಯಲ್ಲಿ ಕಿರುಕುಳಕ್ಕೊಳಗಾದಳು,3
ಸಹೋದರರು ಹೋರಾಡಿದರು,3
ಇದು ಕೆಟ್ಟ ಅನುಭವಗಳಲ್ಲಿ ಒಂದಾಗಿತ್ತು,3
ನನಗೆ ಸಂತೋಷವಾಗಲಿಲ್ಲ,3
ನನಗೆ ಜೀವನದಲ್ಲಿ ಭರವಸೆ ಇಲ್ಲ,3
ಅನುಚಿತ ವರ್ತನೆಗಾಗಿ ಅವರನ್ನು ಅಮಾನತುಗೊಳಿಸಲಾಯಿತು,3
ಅವಳು ಅಳುತ್ತಾಳೆ,3
ಆಕೆಗೆ ಕ್ಯಾನ್ಸರ್ ಇದೆ,3
ಆಕೆಯ ಪೋಷಕರು ನಿರಾಶೆಗೊಂಡಿದ್ದಾರೆ,3
ಭಯೋತ್ಪಾದಕರ ದಾಳಿಯಲ್ಲಿ ಜನರು ಪ್ರಾಣ ಕಳೆದುಕೊಂಡರು,3
ದೋಣಿಯಲ್ಲಿದ್ದ ಅನೇಕ ಜನರು ಮುಳುಗಿದರು,3
ಅವಳು ತನ್ನ ಬೆರಳನ್ನು ಸುಟ್ಟು ಹಾಕಿದಳು,3
ನೀವು ನನಗೆ ಅನಾನುಕೂಲತೆಯನ್ನುಂಟುಮಾಡುತ್ತೀರಿ,3
ಅವರು ಅಪಘಾತವನ್ನು ಎದುರಿಸಿದರು,3
ರಾಜನು ತೀರಿಹೋದನು,3
ಇಂದಿಗೂ ಜನರು ತಾರತಮ್ಯ ಮಾಡುತ್ತಿದ್ದಾರೆ,3
ಅವಳು ಯಶಸ್ವಿಯಾಗಲಿಲ್ಲ,3
ಅವನು ಯಶಸ್ವಿಯಾಗಲಿಲ್ಲ,3
ಅವನು ಇನ್ನು ಮುಂದೆ ನನ್ನನ್ನು ಪ್ರೀತಿಸುವುದಿಲ್ಲ,3
ಅದು ನನ್ನ ಇಚ್ಛೆಗೆ ವಿರುದ್ಧವಾಗಿತ್ತು,3
ಅವಳ ಒಬ್ಬಳೇ ಮಗಳು ಬೇರೆ ದೇಶಕ್ಕೆ ಹೋದಳು,3
ಅವರು ನನ್ನನ್ನು ಶಾಲೆಯಲ್ಲಿ ಬೆದರಿಸುತ್ತಿದ್ದರು,3
ಚಿತ್ರವು ದೊಡ್ಡ ಫ್ಲಾಪ್ ಆಗಿತ್ತು,3
ನಾನು ತುಂಬಾ ಪ್ರಯತ್ನಿಸಿದೆ,3
ಈ ಸುದ್ದಿ ತುಂಬಾ ದುಃಖಕರವಾಗಿದೆ,3
ಅವರು ನನ್ನನ್ನು ನೋಯಿಸಿದರು,3
ರಾಣಿ ಬಹಳ ದುಃಖದಲ್ಲಿದ್ದಳು,3
ನನ್ನ ಅಜ್ಜಿಯರು ತೀರಿಕೊಂಡರು,3
ನನ್ನ ಬೆಕ್ಕು ಇಂದು ಸತ್ತಿದೆ,3
ಅವರು ಸೇತುವೆಯಿಂದ ಬಿದ್ದರು,3
ಅವನು ಸಾಲದಲ್ಲಿದ್ದಾನೆ,3
ಅವನ ಬಳಿ ಹಣವಿಲ್ಲ,3
ಅವನು ತುಂಬಾ ಬಡವ,3
ಅವರು ಆತ್ಮಹತ್ಯೆ ಮಾಡಿಕೊಂಡರು,3
ಆಕೆಯ ಮಗ ಕೊಕೇನ್‌ಗೆ ವ್ಯಸನಿಯಾಗಿದ್ದಾನೆ,3
ಇದು ತುಂಬಾ ಮುಜುಗರದ ಸಂಗತಿ,3
ಅವರು ಬಹಳಷ್ಟು ಕೆಟ್ಟ ಅನುಭವಗಳನ್ನು ಹೊಂದಿದ್ದಾರೆ,3
ಯಾರೋ ಅವಳ ಎಲ್ಲಾ ವಸ್ತುಗಳನ್ನು ಕದ್ದಿದ್ದಾರೆ,3
ಅವನು ಬಡ ಕುಟುಂಬದಿಂದ ಬಂದವನು,3
ಅವರು ಅವನ ಇಡೀ ಕುಟುಂಬವನ್ನು ಕೊಂದರು,3
ಅವನು ನನ್ನನ್ನು ನಿರಾಸೆಗೊಳಿಸಿದನು,3
ಅವನು ಅವಳ ಕೈಯನ್ನು ಬಿಟ್ಟನು,3
ಅವನನ್ನು ಬೀದಿಯಲ್ಲಿ ಕೊಲ್ಲಲಾಯಿತು,3
ನಾನು ಇದನ್ನು ಮಾಡಲು ಒತ್ತಾಯಿಸಲಾಯಿತು,3
ಇದು ತುಂಬಾ ಕೆಟ್ಟ ಸುದ್ದಿ,3
ನನ್ನ ಹೃದಯ ನೋವು,3
ಇದು ತುಂಬಾ ದುಃಖದ ಸುದ್ದಿ,3
ನಾನು ಪರೀಕ್ಷೆಗೆ ಅಧ್ಯಯನ ಮಾಡಲು ಸಾಧ್ಯವಾಗಲಿಲ್ಲ,3
ಈ ಹಾಡು ನನ್ನನ್ನು ಅಳುವಂತೆ ಮಾಡುತ್ತದೆ,3
ನಾನು ದುಃಖದ ಹಾಡನ್ನು ಕೇಳುತ್ತಿದ್ದೆ,3
ಈ ಕಥೆ ನನ್ನನ್ನು ಅಳುವಂತೆ ಮಾಡುತ್ತದೆ,3
ಟಿವಿ ಕಾರ್ಯಕ್ರಮದ ನನ್ನ ನೆಚ್ಚಿನ ಪಾತ್ರ ನಿಧನರಾದರು,3
ಸಂತೋಷವಾಗಿರಲು ನನಗೆ ತುಂಬಾ ಕಷ್ಟವಾಗುತ್ತಿದೆ,3
ನಮಗೆ ಇಂದು ಅಚ್ಚರಿಯ ಪರೀಕ್ಷೆ ಇದೆ,3
ನಮ್ಮ ರಜೆಯನ್ನು ರದ್ದುಗೊಳಿಸಲಾಗಿದೆ,3
ನಮ್ಮ ತಂಡವು ಪಂದ್ಯವನ್ನು ಕಳೆದುಕೊಂಡಿತು,3
ಕ್ಯಾಬ್ ಬುಕ್ ಮಾಡಿ,2
ಬೇಗ ರೈಲು ಟಿಕೆಟ್ ಬುಕ್ ಮಾಡಿ,2
ನನ್ನ ಕ್ಯಾಬ್ ಏಕೆ ಬರುತ್ತಿಲ್ಲ,2
ಇಂದಿನ ತಾಪಮಾನ ಏನು?,2
ನಾಳೆ ದೆಹಲಿಯಿಂದ ಮುಂಬೈಗೆ ಯಾವುದೇ ರೈಲು ಟಿಕೆಟ್ ಇದೆ,2
ಬೆಂಗಳೂರಿನಲ್ಲಿ ಯಾವುದಾದರೂ ತ್ರೀ ಸ್ಟಾರ್ ಹೋಟೆಲ್ ಇದೆಯೇ?,2
ಇಂದು ಮಳೆ ಬೀಳಲಿದೆಯೇ?,2
ನೀವು ಯಾವುದೇ ಕೂಪನ್‌ಗಳನ್ನು ಹೊಂದಿದ್ದೀರಾ?,2
ಬೆಳಿಗ್ಗೆ ಇಲ್ಲಿ ಮಳೆಯಾಯಿತು,2
ಇಲ್ಲಿಂದ ಮುಂಬೈಗೆ ಅಗ್ಗದ ವಿಮಾನ ಟಿಕೆಟ್ ಅನ್ನು ಬುಕ್ ಮಾಡಿ,2
ನೀವು ಕ್ಯಾಬ್ ಬುಕ್ ಮಾಡಿದ್ದೀರಾ?,2
ಇಂದು ಹವಾಮಾನ ಹೇಗಿದೆ,2
ನಾಗ್ಪುರದಿಂದ ಮುಂಬೈಗೆ 2 ವಿಮಾನ ಟಿಕೆಟ್‌ಗಳನ್ನು ಕಾಯ್ದಿರಿಸಲಾಗುತ್ತಿದೆ,2
ದಯವಿಟ್ಟು ನನಗೆ ಬೆಂಗಳೂರಿನಲ್ಲಿ ಹೋಟೆಲ್ ಹುಡುಕಿಕೊಡಿ,2
ಓ ಕ್ಯಾಬ್ ಬುಕ್ಕಿಂಗ್ ಮಾಡಿ,2
ಈಗ ನಿಮ್ಮ ಸಹೋದರನಿಗೆ ಓಯೋವನ್ನು ಬುಕ್ ಮಾಡಿ,2
ನಾನು ಬುಕ್ ಮಾಡಿದ್ದೇನೆ,2
ಈ ರೀತಿ ಏನಾದರೂ ಮಾಡಿ,2
ಮತ್ತು ಈ ಅಪ್ಲಿಕೇಶನ್ ಏನು ಮಾಡುತ್ತದೆ?,2
ಅಗ್ಗದ ವಿಮಾನ ಟಿಕೆಟ್ ಅನ್ನು ಹೇಗೆ ಕಂಡುಹಿಡಿಯುವುದು,2
ನೀವು ರೈಲು ಟಿಕೆಟ್ ಬುಕ್ ಮಾಡಬಹುದು,2
ನಾನೀಗ ಏನು ಮಾಡಲಿ,2
ರೈಲನ್ನು ಹೇಗೆ ಬುಕ್ ಮಾಡುವುದು ಎಂದು ಅರ್ಥವಾಗುತ್ತಿಲ್ಲ,2
ಹೇಗೆ ಬುಕ್ ಮಾಡುವುದು,2
ಟಿಕೆಟ್ ಕನ್ಫರ್ಮ್ ಆಗಿದೆ,2
ಮುಂದೆ ಏನು ಮಾಡಬೇಕೆಂದು ಗೊತ್ತಿಲ್ಲ,2
ನನ್ನ ವಿಮಾನ ಏಕೆ ತಡವಾಗಿದೆ,2
ಒಳ್ಳೆಯ ಹೋಟೆಲ್ ಅನ್ನು ಬುಕ್ ಮಾಡಿ,2
ಮಾರುಕಟ್ಟೆಗೆ ಹೋಗೋಣ,2
ನಾನು ಹೇಗೆ ಮುಂದುವರೆಯಲಿ?,2
ಅಣ್ಣ ಒಂದು ವಿಷಯ ಹೇಳು,2
ಈ ಹೋಟೆಲ್ ಏಕೆ ಹೆಚ್ಚು ಬೆಲೆ ತೋರಿಸುತ್ತಿದೆ,2
ಇದು ಹೇಗೆ ಸಂಭವಿಸುತ್ತದೆ,2
ನಿಮ್ಮ ಹತ್ತಿರದ ಹೋಟೆಲ್‌ಗಳನ್ನು ನನಗೆ ತೋರಿಸಿ,2
ಇಲ್ಲಿ ಬುಕ್ ಮಾಡುವುದು ಹೇಗೆ,2
ಕೆಲಸ ಮುಗಿದಿದೆ,2
ಒಂದು ಕೆಲಸ ಮಾಡು,2
ನನಗೆ ಸಹಾಯ ಬೇಕಿತ್ತು,2
ನನಗೆ ಒಂದು ಕೆಲಸ ಮಾಡು,2
ಬೇಗ ಕೆಲಸ ಮಾಡು,2
ಕ್ಯಾಬ್ ಬರಲು ಎಷ್ಟು ಸಮಯ ತೆಗೆದುಕೊಳ್ಳುತ್ತದೆ,2
ಮೊದಲೇ ಆಟೋ ಬುಕ್ ಮಾಡಿ,2
ಪ್ರಾಮಾಣಿಕತೆಯು ಅತ್ಯುತ್ತಮ ನೀತಿಯಾಗಿದೆ,2
ಉಬರ್ ಅನ್ನು ಬುಕ್ ಮಾಡಿ,2
ನೀವು ನನಗಾಗಿ ಇನ್ನೇನು ಮಾಡಬಹುದು,2
ವಿಮಾನದಲ್ಲಿ ತಿನ್ನಲು ಏನಾದರೂ ಬುಕ್ ಮಾಡಿ,2
ಬೆಂಗಳೂರಿನ ಯಾವುದೇ ಹೋಟೆಲ್ ಅನ್ನು ಬುಕ್ ಮಾಡಿ,2
ಈ ಅಪ್ಲಿಕೇಶನ್ ಬಗ್ಗೆ ಇನ್ನಷ್ಟು ತಿಳಿಸಿ,2
ಇಂದು ಬಿಸಿಲು ಇರುತ್ತದೆಯೇ?,2
ನೀವು ರೈಲು ಟಿಕೆಟ್‌ಗಳನ್ನು ಬುಕ್ ಮಾಡಬಹುದು,2
ನನ್ನ ರೈಲು ಸ್ಥಿತಿಯನ್ನು ಪರಿಶೀಲಿಸಿ,2
ನೀವು ಅಗ್ಗದ ರೈಲು ಟಿಕೆಟ್ ಅನ್ನು ಹೇಳಬಲ್ಲಿರಾ?,2
ವಿಮಾನ ನಿಲ್ದಾಣಕ್ಕೆ ಕ್ಯಾಬ್ ಯಾವಾಗ ಬರುತ್ತದೆ,2
ನನ್ನ ವಿಮಾನ ಸಮಯಕ್ಕೆ ಸರಿಯಾಗಿ ಬಂದಿತು,2
ಇದು ಏನು,2
ಹೋಟೆಲ್ ರೇಟಿಂಗ್ ಏನು?,2
ಹೋಟೆಲ್ ಯಾವ ಪ್ರದೇಶದಲ್ಲಿದೆ?,2
ಇಂದಿನ ಹವಾಮಾನವನ್ನು ತಿಳಿಸಿ,2
ಹೊರಗಿನ ತಾಪಮಾನ ಏನು?,2
ಕ್ಯಾಬ್ ಸಹೋದರ ಎಲ್ಲಿದ್ದಾನೆ?,2
ಹೋಟೆಲ್ ಚೆನ್ನಾಗಿತ್ತು,2
ಸಾರಥಿಗೆ ಸಹಾಯ ಮಾಡಿ,2
ನೀವು ನನ್ನ ಕ್ಯಾಬ್ ಅನ್ನು ರದ್ದುಗೊಳಿಸಬಹುದೇ?,2
ಬೆಂಗಳೂರಿನಿಂದ ದೆಹಲಿಗೆ ಮುಂದಿನ ತಿಂಗಳು ವಿಮಾನದ ಟಿಕೆಟ್ ಪಡೆಯಿರಿ,2
ನೀವು ಹೇಗಿದ್ದೀರಿ?,2
ನಾನು ಇಂದು ತುಂಬಾ ದಣಿದಿದ್ದೇನೆ,2
ಇಲ್ಲಿ ತುಂಬಾ ಬಿಸಿಯಾಗಿದೆ ಮನುಷ್ಯ,2
ಇದು ಸಾಕಷ್ಟು ತಂಪಾಗಿದೆ,2
ಎಂತಹ ಉತ್ತಮ ಹವಾಮಾನ,2
ನೀವು ಊಟ ಮಾಡಿದ್ದೀರಾ,2
ಬನ್ನಿ ಮನೆಗೆ ಹೋಗೋಣ,2
ಫೋಟೋಗಳನ್ನು ನೋಡಲು ಈ ಅಪ್ಲಿಕೇಶನ್ ಬಳಸಿ,2
ಇದನ್ನು ಸಹ ಒಮ್ಮೆ ಪರಿಶೀಲಿಸಬೇಕು,2
ಅದನ್ನು ಪ್ರಯತ್ನಿಸೋಣ,2
ನಿನ್ನೆ ಸಾಕಷ್ಟು ಕೆಲಸ ನಡೆದಿದೆ,2
ನಾನು ಏನು ಮಾಡಬೇಕೆಂದು ನನಗೆ ಅರ್ಥವಾಗುತ್ತಿಲ್ಲ,2
ಅಷ್ಟು ಖರ್ಚು ಮಾಡುವುದು ಯೋಗ್ಯವಾಗಿದೆ,2
ಪ್ರಯತ್ನಿಸಬೇಕು,2
ನಾವು ಸರಿಯಾದ ಹಾದಿಯಲ್ಲಿದ್ದೆವು,2
ದೀಪಾವಳಿಯ ಸಮಯದಲ್ಲಿ ವಿಮಾನ ದರಗಳು ತುಂಬಾ ದುಬಾರಿಯಾಗುತ್ತವೆ,2
ಹಣ ಯಾವಾಗ ವಾಪಸ್ ಬರುತ್ತೋ ಗೊತ್ತಿಲ್ಲ,2
ಅಪ್ಲಿಕೇಶನ್ ಉತ್ತಮವಾಗಿ ಕಾಣುತ್ತದೆ,2
ಏನು ರೀಚಾರ್ಜ್ ಮಾಡಬೇಕು,2
ಮತ್ತೆ ಮತ್ತೆ ಮರುಪ್ರಾರಂಭಿಸಿದ ನಂತರವೂ ಅದನ್ನೇ ತೋರಿಸಲಾಗುತ್ತಿದೆ ,2
ರೀಚಾರ್ಜ್ ಮಾಡಲು ಕೊನೆಯ ದಿನಾಂಕ ಯಾವುದು?,2
ಈ ಚಾನಲ್ ಅನ್ನು ಹೇಗೆ ಬದಲಾಯಿಸುವುದು?,2
ಯಾವ ಏರ್‌ಟೆಲ್ ಪ್ಯಾಕ್ ಉತ್ತಮವಾಗಿದೆ,2
ಕುಟುಂಬದ ಪ್ರಕಾರ ಯಾವ ಯೋಜನೆ ಸರಿಯಾಗಿರುತ್ತದೆ,2
ನಾನು ಚಾನಲ್‌ಗಳನ್ನು ಸೇರಿಸಬಹುದೇ?,2
ನಾನು ಪ್ರತಿ ಚಾನಲ್‌ಗೆ ಹಣವನ್ನು ಏಕೆ ಪಾವತಿಸಬೇಕು,2
ನನ್ನ ಖಾತೆಯಿಂದ ಹಣವನ್ನು ಏಕೆ ಕಡಿತಗೊಳಿಸಲಾಯಿತು,2
ಹಣವನ್ನು ಮರಳಿ ಪಡೆಯುವ ಸಂಭವನೀಯತೆ ಏನು,2
ಬ್ಯಾಲೆನ್ಸ್ ಮುಕ್ತಾಯದ ಕೊನೆಯ ದಿನಾಂಕ ಯಾವುದು,2
ಈ ತಿಂಗಳು ತುಂಬಾ ಹಣ ಬರುತ್ತದೆ,1
ನನ್ನ ಖಾತೆಯ ಬಾಕಿಯನ್ನು ಹೇಳಿ,2
ನನ್ನ ಖಾತೆಯಲ್ಲಿ ಎಷ್ಟು ಬ್ಯಾಲೆನ್ಸ್ ಇದೆ,2
ನನ್ನ ಖಾತೆಯಲ್ಲಿ ಎಷ್ಟು ಬಾಕಿ ಉಳಿದಿದೆ,2
ನನ್ನ ಖಾತೆಯಲ್ಲಿ ಎಷ್ಟು ಉಳಿದಿದೆ,2
ನನ್ನ ಖಾತೆಯಲ್ಲಿ ಎಷ್ಟು ಹಣವಿದೆ,2
ನನ್ನ ಖಾತೆಯಲ್ಲಿ ಹಣವಿದೆಯೇ ಅಥವಾ ಇಲ್ಲವೇ?,2
ಈ ಹಣ ನಿಮ್ಮ ಬಳಿ ಎಷ್ಟು ದಿನ ಇರುತ್ತದೆ?,2
ನನ್ನ ಖಾತೆಯ ಹಣ ಯಾವಾಗ ಖಾಲಿಯಾಗುತ್ತದೆ,2
ನಿನ್ನ ತಂಗಿ ಎಷ್ಟು ದಿನ ನಿನ್ನ ಮನೆಯಲ್ಲಿ ಇರುತ್ತಾಳೆ,2
ನನ್ನ ರೀಚಾರ್ಜ್ ಯಾವಾಗ ಆಗುತ್ತದೆ,2
ಅದು ಈಗಿನಿಂದಲೇ ಆಗುತ್ತದೆಯೇ,2
ನನ್ನ ಪ್ಯಾಕ್ ಎಷ್ಟು ಕಾಲ ಉಳಿಯುತ್ತದೆ,2
ನೀವು ನನಗೆ ಕೊನೆಯ ದಿನಾಂಕವನ್ನು ಹೇಳಬಹುದೇ?,2
ನನ್ನ ಖಾತೆ ಎಷ್ಟು ಕಾಲ ಉಳಿಯುತ್ತದೆ,2
ನನ್ನ ಖಾತೆಯನ್ನು ಮುಚ್ಚಲು ಕೊನೆಯ ದಿನಾಂಕ ಯಾವುದು,2
ನನ್ನ ಖಾತೆಯ ಮುಕ್ತಾಯ ದಿನಾಂಕವನ್ನು ನನಗೆ ತಿಳಿಸುವಿರಾ?,2
ನಿಮ್ಮ ದಿನ ಹೇಗಿತ್ತು?,2
ಹಾಯ್ ನೀವು ಏನು ಮಾಡುತ್ತಿದ್ದೀರಿ,2
ಧನ್ಯವಾದಗಳು,2
ಅಭಿನಂದನೆಗಳು,2
ನಾವು ಎಲ್ಲೋ ಹೋಗೋಣ,2
ಆ ಮಹಿಳೆಗೆ ಸಹಾಯ ಮಾಡಲು ಹೋಗೋಣ,2
ಕಾಫಿ ಬೇಕೇ?,2
ಚಿಂತಿಸಬೇಡ,2
ನಿನಗೆ ಏನು ಬೇಕು,2
ಏನು,2
ಏನಾದರೂ ಮಾತನಾಡು,2
ನಿಮಗೆ ದೋಸೆ ಬೇಕೇ?,2
ನನಗೆ ಹೆಚ್ಚು ಆಹಾರ ಬೇಕು,2
ಅಕ್ಕಿ ಉಳಿದಿದೆ,2
ನನಗೆ ಸ್ವಲ್ಪ ಚಹಾ ಬೇಕು,2
ನಿನ್ನ ವಯಸ್ಸು ಎಷ್ಟು?,2
ನೀವು ಓದುವುದನ್ನು ಮುಗಿಸಿದ್ದೀರಾ?,2
ಟಿವಿ ಆನ್ ಮಾಡಿ,2
ಕಸವನ್ನು ಎಸೆಯಿರಿ,2
ನಾನು ಜಿಮ್‌ಗೆ ಹೋಗಬೇಕು,2
"ಬನ್ನಿ, ನಡೆಯಲು ಹೋಗೋಣ",2
ಹೇ ಮನೆಗೆ ಬಾ,2
ನಾನು ಅದನ್ನು ಖರೀದಿಸಲು ಬಯಸುತ್ತೇನೆ,2
ಇಂದಿನ ಸುದ್ದಿ ಏನು?,2
ಹೊಸದನ್ನು ಕಲಿಯಿರಿ,2
ನೀವು ದ್ವೇಷಿಸುವ ಕೆಲಸಗಳನ್ನು ಮಾಡುವುದನ್ನು ನಿಲ್ಲಿಸಿ,2
ಪ್ರಶ್ನೆಯನ್ನು ಉತ್ತರಿಸು,2
ವ್ಯಾಯಾಮ ಬಹಳ ಮುಖ್ಯ,2
ನಮ್ಮ ಬಳಿ ಸಾಕಷ್ಟು ಹಣವಿದೆ,1
ಹೋಟೆಲ್ ಅದ್ಭುತವಾಗಿದೆ,1
ನಂಬರ್ ಆಫರ್ ಸಿಕ್ಕಿದೆ,1
ಈ ಅಪ್ಲಿಕೇಶನ್ ಅದ್ಭುತವಾಗಿದೆ,1
ನಿಮ್ಮ ಸೇವೆಯಿಂದ ನಮಗೆ ಸಂತೋಷವಾಗಿದೆ,1
ಧನ್ಯವಾದಗಳು,1
ನೀವು ಅದ್ಭುತ ವ್ಯಕ್ತಿ,1
ವಾವ್ ಇದು ಅದ್ಭುತವಾಗಿದೆ,1
ಉತ್ತಮ ಬುಕಿಂಗ್‌ಗಾಗಿ ಧನ್ಯವಾದಗಳು,1
ಧನ್ಯವಾದಗಳು ಸಾರಥಿ! ನಾನು ನಿನ್ನನ್ನು ಪ್ರೀತಿಸುತ್ತೇನೆ !,1
ಈ ಹೋಟೆಲ್ ತುಂಬಾ ಚೆನ್ನಾಗಿತ್ತು,1
ಧನ್ಯವಾದಗಳು ತಮ್ಮ,1
ಈ ವ್ಯಕ್ತಿ ಅದ್ಭುತವಾದ ಹೋಟೆಲ್ ಅನ್ನು ಬುಕ್ ಮಾಡಿದ್ದಾನೆ,1
ವ್ಯಾಯಾಮದ ನಂತರ ನನಗೆ ಖುಷಿ ಆಗ್ತಿದೆ,1
ದೊಡ್ಡ ಕೆಲಸ ಸಹೋದರ,1
ಸಹಾಯ ಮಾಡಿದ್ದಕ್ಕಾಗಿ ಧನ್ಯವಾದಗಳು,1
ನೀವು ತುಂಬಾ ಒಳ್ಳೆಯವರು,1
ನೀನಾ ಮಾಡಿದ್ದು ಈ ಸುಂದರವಾದ ಚಿತ್ರಕಲೆ?,1
ಓಹ್ ಇದು ತುಂಬಾ ಬೇಗ,1
ಒಳ್ಳೆಯ ಕೆಲಸ ಸಹೋದರ,1
ಒಳ್ಳೆ ಕೆಲಸ!,1
ರೈಲು ಪ್ರಯಾಣ ತುಂಬಾ ಚೆನ್ನಾಗಿತ್ತು,1
ಸಹೋದರ ನೀವು ನನಗೆ ತುಂಬಾ ಸಹಾಯ ಮಾಡಿದ್ದೀರಿ,1
ನೀವು ಮೊದಲ ಸ್ಥಾನ ಪಡೆದಿದ್ದೀರಿ. ಅಭಿನಂದನೆಗಳು!,1
ಕ್ಯಾಬ್ ಚಾಲಕ ತುಂಬಾ ಸಹಾಯಕವಾಗಿದ್ದನು,1
ನೀವು ತುಂಬಾ ಅದ್ಭುತವಾಗಿದ್ದೀರಿ,1
ನೀವು ನನ್ನ ಹೃದಯವನ್ನು ಸಂತೋಷಪಡಿಸಿದ್ದೀರಿ,1
ಅಂತಹ ಸುಂದರವಾದ ಹೋಟೆಲ್,1
ನನ್ನ ಹೃದಯ ಸಂತೋಷವಾಗಿದೆ,1
ನಾನು ಸಂತೋಷವಾಗಿದ್ದೇನೆ,1
ಸಹಾಯ ಮಾಡಿದ್ದಕ್ಕಾಗಿ ಧನ್ಯವಾದಗಳು,1
ತುಂಬಾ ಒಳ್ಳೆಯದು,1
ತುಂಬ ಧನ್ಯವಾದಗಳು,1
ಧನ್ಯವಾದಗಳು ನನ್ನ ಸಹೋದರ,1
ಧನ್ಯವಾದಗಳು ಸಾರಥಿ,1
ನೀವು ತುಂಬಾ ಬುದ್ಧಿವಂತರು,1
ನೀವು ಮಹಾನ್ ವ್ಯಕ್ತಿ,1
ನೀವು ಬಹಳಷ್ಟು ಸಹಾಯ ಮಾಡಿದ್ದೀರಿ,1
ತುಂಬಾ ಚೆನ್ನಾಗಿದೆ,1
ಅತ್ಯುತ್ತಮ,1
ಈ ಹೋಟೆಲ್ ಚೆನ್ನಾಗಿದೆ,1
ತುಂಬಾ ಒಳ್ಳೆಯ ಕ್ಯಾಬ್ ಡ್ರೈವರ್,1
ನೀವು ಬಹಳ ಒಳ್ಳೆಯವರು,1
ನೀವು ತುಂಬಾ ಬುದ್ಧಿವಂತರು,1
ಇದು ಸರಿಯಾದ ಅಪ್ಲಿಕೇಶನ್ ಆಗಿದೆ,1
ಓ ಮಹಾನ್,1
ದೊಡ್ಡ ಕೋತಿ,1
ನಾನು ಪ್ರಭಾವಿತನಾಗಿದ್ದೇನೆ,1
ಬಹಳ ಅನನ್ಯ,1
ತುಂಬಾ ಧನ್ಯವಾದಗಳು,1
ನೀವು ನನ್ನ ಹೃದಯವನ್ನು ಗೆದ್ದಿದ್ದೀರಿ,1
ನೀವು ಅದ್ಭುತ ಮಾಡಿದ್ದೀರಿ,1
ಸಾರಥಿಗೆ ನಮಸ್ಕಾರ,1
ಬಹಳ ಖುಷಿಯಾಯಿತು,1
ನೀವು ಉತ್ತಮರು,1
ಸಹಾಯಕ್ಕಾಗಿ ಧನ್ಯವಾದಗಳು,1
ಅಂತಹ ಸೇವೆಯನ್ನು ನಿಮ್ಮಿಂದ ನಿರೀಕ್ಷಿಸಲಾಗಿದೆ,1
ನಿಮ್ಮೊಂದಿಗೆ ಮಾತನಾಡಲು ಸಂತೋಷವಾಗಿದೆ,1
ನಿಮಗೆ ಆಶ್ಚರ್ಯವಾಯಿತು,1
ನೀವು ತುಂಬಾ ಬುದ್ಧಿವಂತರು,1
ನನ್ನ ಪ್ರಯಾಣ ಚೆನ್ನಾಗಿತ್ತು ಧನ್ಯವಾದಗಳು,1
ನಿನ್ನ ಬಳಿ ಉತ್ತರವಿಲ್ಲ ಸಾರಥಿ,1
ನೀವು ತುಂಬಾ ತಮಾಷೆಯಾಗಿದ್ದೀರಿ,1
ಮಾಶಾ ಅಲ್ಲಾ ನೀವು ಏನು ಮಾಡಿದ್ದೀರಿ,1
ನಿನ್ನ ಕೆಲಸ ಸಾರಥಿ ಚೆನ್ನಾಗಿಯೇ ಮಾಡಿದ್ದಾನೆ ಎಂಬುದಕ್ಕೆ ಉತ್ತರವಿಲ್ಲ,1
ನಾನು ನಗುತ್ತಾ ಸಾಯುವುದಿಲ್ಲ,1
ಧನ್ಯವಾದಗಳು,1
ನಿಜವಾಗಿಯೂ ಶ್ಲಾಘನೀಯ!,1
ಓಹ್ ವಾವ್,1
ಎನ್ ಸಮಾಚಾರ,1
ಒಳ್ಳೆಯದು,1
ಆನಂದಿಸಿ ಮನುಷ್ಯ,1
ಎಂತಹ ಉತ್ತಮ ಅಪ್ಲಿಕೇಶನ್ ಮನುಷ್ಯ,1
ವಾಹ್ ಮ್ಯಾನ್ ರೈಟ್ ಡಿಸ್ಕೌಂಟ್ ನಡೆಯುತ್ತಿದೆ,1
ಇದು ಹಾಸ್ಯಾಸ್ಪದ,1
ಈ ಅಪ್ಲಿಕೇಶನ್ ಅನ್ನು ಬಳಸುವುದರಿಂದ ನನಗೆ ತುಂಬಾ ಸಂತೋಷವಾಗಿದೆ,1
ಈ ಚಾನಲ್‌ಗಳ ಸ್ಪಷ್ಟತೆ ನಿಜವಾಗಿಯೂ ತುಂಬಾ ಒಳ್ಳೆಯದು,1
ಇಂದು ಉತ್ತಮ ಕೊಡುಗೆಗಳು ನಡೆಯುತ್ತಿವೆ,1
ಅಂತಹ ಉತ್ತಮ ಸೇವೆಯನ್ನು ನೀಡಿದರೆ ನಾನು ಸಂತೋಷದಿಂದ ಹೆಚ್ಚಿನ ಹಣವನ್ನು ನೀಡುತ್ತೇನೆ,1
ಮನುಷ್ಯ ಇದು ತುಂಬಾ ನಿಜ,1
ಮನುಷ್ಯ ಇದು ಬೆಣ್ಣೆಯಂತೆ ಕೆಲಸ ಮಾಡುತ್ತದೆ,1
ತುಂಬಾ ಚೆನ್ನಾಗಿದೆ,1
ಸಮಯಕ್ಕಿಂತ ಮುಂಚಿತವಾಗಿ ಹಣ ಬಂದಿರುವುದು ಅದ್ಭುತವಾಗಿದೆ,1
ನಾನು ಈ ಅಪ್ಲಿಕೇಶನ್ ಅನ್ನು ತುಂಬಾ ಇಷ್ಟಪಡುತ್ತೇನೆ,1
ಮಜಾ ಇದೆ ಅಣ್ಣ ಹಣವೂ ಮುಗಿದು ಹೋಗಿದೆ ಆದರೆ ಚಾನೆಲ್‌ಗಳು ಓಡುತ್ತಲೇ ಇವೆ,1
ಇಷ್ಟು ಹಣಕ್ಕಾಗಿ ಹಲವು ಚಾನೆಲ್‌ಗಳು,1
ಅವರ ಸೇವೆಯಿಂದ ನನಗೆ ಸಂಪೂರ್ಣ ತೃಪ್ತಿ ಇದೆ,1
ಸೇವೆ ಯಾವಾಗಲೂ ಹೀಗೆಯೇ ಇದ್ದರೆ ಏನು ಸಮಸ್ಯೆ?,1
ಓಹ್ ವಾಹ್ ಎಂತಹ ಸೇವೆ,1
ವಾವ್ ಅದ್ಭುತ,1
ರೀಚಾರ್ಜ್ ಮಾಡಿದ್ದಕ್ಕಾಗಿ ಧನ್ಯವಾದಗಳು ಸ್ನೇಹಿತ,1
ನನ್ನ ಖಾತೆಯನ್ನು ನೋಂದಾಯಿಸಿದ್ದಕ್ಕಾಗಿ ತುಂಬಾ ಧನ್ಯವಾದಗಳು,1
ನನ್ನ ಮೊಬೈಲ್ ಸಂಖ್ಯೆಯನ್ನು ನೋಂದಾಯಿಸಿದ್ದಕ್ಕಾಗಿ ತುಂಬಾ ಧನ್ಯವಾದಗಳು,1
ಅದ್ಭುತ!ನೀವು ಏನು ಹೇಳಿದ್ದೀರಿ?,1
ಹೌದು! ನಾನು ಅಗ್ಗದ ವಿಮಾನವನ್ನು ಪಡೆಯಬಹುದು,1
ಅದ್ಭುತ ಹವಾಮಾನ!,1
ಹುರ್ರೇ! ನೀವು ಎಂತಹ ಒಪ್ಪಂದವನ್ನು ಪಡೆದುಕೊಂಡಿದ್ದೀರಿ!,1
ವೂಹೂ!,1
ಓಯ್ ಹೋಯೆ!,1
ಬನ್ನಿ!ಎನ್ ಸಮಾಚಾರ?,1
ಅದ್ಭುತ!ಒಳ್ಳೆ ವಿಷಯ ಹೇಳು,1
ಹೌದು!ನಾನು ಬೇಗ ಮನೆಗೆ ಬಂದೆ,1
ವೂಹೂ! ಮೋಜು ಮಾಡಿದೆ,1
ಹುರ್ರೇ! ನಂಬರ್ ಕೂಪನ್ ಸಿಕ್ಕಿತು,1
ಬನ್ನಿ! ಇಂದು ನೀವು ನನ್ನ ಹೃದಯವನ್ನು ಗೆದ್ದಿದ್ದೀರಿ ಸಹೋದರ,1
ನನ್ನ ರೈಲು ಟಿಕೆಟ್ ಬುಕ್ ಆಗಿದೆ ವಾಹ್!,1
ವಾವ್ ಬೆಂಗಳೂರು ರೈಲು ಕಂಡುಬಂದಿದೆ,1
ಅದ್ಭುತ! ನನ್ನ ರೈಲು ಬೇಗ ಬರುತ್ತದೆ,1
ಹೌದು!ನನ್ನ ವಿಮಾನವನ್ನು ಅಂತಿಮವಾಗಿ ಕಾಯ್ದಿರಿಸಲಾಗಿದೆ,1
ಬೆಂಗಳೂರು ರೈಲಿಗೆ ಯಿಪಿ ಸಿಕ್ಕಿತು,1
ಆಟೋ ಯಿಪ್ಪಿ ಸಿಕ್ಕಿತು,1
ಒಳ್ಳೆಯ ಕ್ಯಾಬ್ ಸಿಕ್ಕಿತು!,1
ಇಂದು ತಂಪಾದ ಮಳೆಯಾಗಿದೆ,1
ನನಗೆ ವಿಮಾನ ಟಿಕೆಟ್ ಸಿಕ್ಕಿತು ವಾಹ್,1
ಹೌದು ಓಹ್!  ನನ್ನ ರೈಲು ಟಿಕೆಟ್ ಬುಕ್ ಆಗಿದೆ,1
ಓಹೋ ಸಾರಥಿ ನೀನು ದೊಡ್ಡ ಕೆಲಸ ಮಾಡಿದ್ದೀಯ,1
ನನ್ನ ವಿಮಾನವನ್ನು ಅಂತಿಮವಾಗಿ ಬುಕ್ ಮಾಡಲಾಗಿದೆ ಹುರ್ರೇ!,1
ಹುರ್ರೇ ಮಸ್ತ್ ಕ್ಯಾಬ್ ಕಂಡುಬಂದಿದೆ,1
ಓಹ್ ಹೌದು! ಸಾರಥಿ ನೀನು ಸರ್ವೋತ್ತಮನು,1
ಆ ಹಾ ಸಾರಥಿ ನೀನು ಅದ್ಭುತ,1
ಸಂತೋಷದ ಘಟನೆಗಳು!,1
ನಾನು ನಿನ್ನನ್ನು ಚಪ್ಪಲಿಯಲ್ಲಿ ಹೊಡೆಯುತ್ತೇನೆ,0
ಸಾಯಿ ಹೋಗು,0
ನಿನ್ನ ಬಾಯಿ ಮುಚ್ಚು,0
ನಿಮ್ಮ ಬಾಯಿ ಮುಚ್ಚಿ ಒಂದೇ ಸ್ಥಳದಲ್ಲಿ ಕುಳಿತುಕೊಳ್ಳಿ,0
ನನ್ನ ತಾಳ್ಮೆಯನ್ನು ಪರೀಕ್ಷಿಸಬೇಡ,0
ನೀವು ನನ್ನನ್ನು ಕೆರಳಿಸಿದರೆ ನಾನು ನನ್ನ ನಡವಳಿಕೆಯನ್ನು ಬದಲಾಯಿಸಿಕೊಳ್ಳಬೇಕು,0
ಕಿರಿಕಿರಿಯನ್ನು ನಿಲ್ಲಿಸಿ!,0
ಏನು ನರಕ ಜೀವನ,0
ನಿನ್ನ ಕೂದಲು ಹಿಡಿದು ಜೈಲಿಗೆ ಹಾಕುತ್ತೇನೆ,0
ನನ್ನ ಬಗ್ಗೆ ಜಾಗರೂಕರಾಗಿರಿ,0
ನನ್ನನ್ನು ಕೋಪಗೊಳಿಸಬೇಡ!,0
ನಾಯಿ ಜೀವನ ಆಗುತ್ತದೆ! ನನ್ನ ಬಗ್ಗೆ ಜಾಗರೂಕರಾಗಿರಿ,0
ಥೂ ನೀನಾ ಮುಕಾಕೆ!,0
ನಿಂಗೆ ಬರ್ಬಾರ್ದು ಬರ್ಲ್ಲಿ ಮುಂದೆಮಗ,0
ನೀನು ಏಕೋಟ್ ಹೋಗ್ತಿಯಾ,0
ನಿನ್ನ ಹುಚ್ಚುತನವನ್ನು ನಿಲ್ಲಿಸು!,0
ನೀವು ಕತ್ತೆಯಂತೆ ಕಾಣುತ್ತೀರಿ!,0
ನಿಂಗೇ ಯಾನೋ ಘ್ರಚಾರ ಕಡಿದೇ,0
ತಿಂದು ತಿಂದು ಕೋಬ ಮಗ್ನೆ,0
ತಿಂಡಿದ ಮನೆಗೆ ಕಣ್ಣ ಹಾಕೋಣ,0
ತಿಂಡಿದ ಮನೆಗೆ ಮೋಸ ಮಾಡೋಣು,0
ಯಾನೋ ಸ್ವಲ್ಪನೂ ಬುದ್ಧಿ ಇಲ್ಲಾ?,0
ಥಿಕ ಮುಚ್ಚೋ ಸಾಕು,0
ಕಣ್ಣು ಕಣ್ಸೋಲ್ವ ಮಗಾ!,0
ನಾನು ನಿನ್ನನ್ನು ಕೊಲ್ಲುತ್ತೇನೆ!,0
ತಪ್ಪು ಮಾಡ್ಬಿಟ್ರಿ ಕಣೋ,0
ಹೋಗೋ ಲೇ!,0
ಪಿಸ್ತೂಲ್ ಇಂದ ಹಕ್ಕಿ ನಾ ಹರಿಸ್ಬಿಡ್ತೀನಿ ಹುಷಾರ್!,0
ನಿನ್ನ ಜನ್ಮಕೆ ಇಷ್ಟು,0
ಪೊರ್ಕಿ ಜೀವನ ಯಾಕೆ ಬೇಕು?,0
ಜನರನ್ನು ಮೋಡಿ ಮಾಡೋವ್ನಾ ಗಾರುಡಿಗ ಅಂತಾರೆ..,0
ಎದುರುಗಡೆ ನಿಲ್ಲೋ ಶತ್ರುವಿನ ಎದೆ ಸೀಳೋವ್ನಾ ಕನ್ನಡಿಗ ಅಂತಾರೆ ಲೇ.....'',0
ಆನೆ ನಡೆದಿದ್ದೆ ದಾರಿ...,0
"ಎನ್ ಕೌಂಟರ್ ಅಂದ್ರೆ ಎನರ್ಜಿ...",0
ಸೋಲನ್ನು ಅಷ್ಟು ಸುಲಭವಾಗಿ ಒಪ್ಪಿಕೊಳ್ಳೋನು ನಾನಲ್ಲ.,0
ಸುಮ್ಮನೆ ನುಗ್ತಾ ಇರೋದೆ....ತೊಡೆ ತಟ್ತಾ ಇರೋದೆ,0
ಗಂಡಸ್ತನ ಛರ್ಬಿ ಮೀಟರ್ ಮಾರ್ಕೆಟ್ ಇವೆಲ್ಲ ಇರುವವನು ಬೇಕು? ಸಿಗ್ತಾನಾ',0
"ಖದರ್ ಇಲ್ಲದ ಕಡೆ ನಮ್ ಹುಡುಗರೇ ಓಡಾಡೊಲ್ಲ, ಇನ್ನು ನಾನು ಇರ್ತೀನಾ'.",0
"ಬೇಡ ಈ ಹೊಡೆದಾಟ ಬೇಡ ಈ ಜಗಳ ನಿಲ್ಲಿಸು, ಈ ದ್ವೇಷ ಸಾಕು ಅಂತೀನಿ.",0
ತೋಳ ತುಂಬ ತಾಕತ್ತಿದ್ರೂ ತಕರಾರ ಮಾಡಲ್ಲಾ,0
"ನಾವು ಮೇರಿತಿದಿವಿ ಅಂದ್ರೆ ನಮ್ಮನ್ನ ನೋಡಿ ಉರ್ಕೊಳೊರು ಇದ್ದೆ ಇರ್ತಾರೆ,",0
ಖತರ್ನಾಕ್ ಆಗಿ ಇದ್ದಿವಿ.,0
"ಇಲ್ಲಾ ಮುಚ್ಚಕೊಂಡುಇರಬೇಕು.",0
ಅದನ್ನಾ ಬಿಟ್ಟು ನಮ್ಮನ್ನ ನೋಡಿ ಉರ್ಕೊಬಾರದು….,0
ಅಷ್ಟು ಧಿಮಾಕ ಇರಬೇಕಾದ್ರೆ.,0
ನನಗೆ ಇನ್ನೆಷ್ಟು ಪೊಗರು ಇರಬೇಡ.,0
"ನಾನು ವೈಲೆಂಟ್ ಆದ್ರೆ ನಿನ್ನ
ಕೈಕಾಲು ನೆಟ್ಟಗಿರಲ್ಲ..",0
ಅವ್ರೆನು ಕಿತ್ಕೂತಾರೆ ಕಿತ್ಕೂಳ್ಳಿ..,0
"ತಾಕತ್ ಇದ್ರೆ, ಕಟ್ಟಾಕೋ",0
ನಾನು ನಿನ್ನನ್ನು ಚಪ್ಪಲಿಯಲ್ಲಿ ಹೊಡೆಯುತ್ತೇನೆ!,0
ಥೂ ಬದಿಮಗನೆ,0
ಮುಚ್ಕೊಂಡು ಹೋಗೋಳೋ! ನೋಡ್ಕೊಂತೀನಿ,0
ದರಿದ್ರ ನನ್ನ ಮಗ್ನೇ,0
ಥೂ ನೀನಾ ದರಿದ್ರ ಬಾಯಿ,0
ತಲೆ ಹೊಡ್ಕೋಬೇಕು ನೀನ ಮಾತು ಕೇಳಿ ಕೇಳಿ!,0
ತಲೆ ಚಚ್ಚಿಕೊಳ್ಳಬೇಕು,0
ಏನು ನರಕ ಜೀವನ?,0
ಮೂರ್ಖ ನೀನು ಎಲ್ಲಾ ಅಸಂಬದ್ಧ ಮಾತನಾಡಬೇಡ...,0
ಬಾಯಿ ಮುಚ್ಚಿಕೊಂಡು ನಿನ್ನ ಕೆಲಸ ಮಾಡು,0
ನೀನು ಬೀದಿ ನಾಯಿಯಂತೆ,0
ನಾನು ನಿನ್ನನ್ನು ನನ್ನ ಬೂಟುಗಳಿಂದ ಹೊಡೆಯುತ್ತೇನೆ,0
ಗೂಬೆ ನನ್ನ ಮಗ,0
ದೂರವಾಣಿ ಕರೆಯ ಕೊನೆಯಲ್ಲಿ ನನಗೆ ಕೋಪ ಬಂದಿತು,0
ಇದು ಎಲ್ಲೆಡೆ ತೋರಿಸುತ್ತದೆ ಎಂದು ನಾನು ಆಕ್ರೋಶಗೊಂಡಿದ್ದೇನೆ,0
ನಾನು ನಿಜವಾಗಿಯೂ ಸ್ಥಳದಿಂದ ಹೊರಗುಳಿದಿದ್ದೇನೆ ಮತ್ತು ಕಿರಿಕಿರಿಗೊಂಡಿದ್ದೇನೆ,0

ಕಳೆದ ಕೆಲವು ದಿನಗಳ ಹವಾಮಾನದ ಬಗ್ಗೆ ನನಗೆ ತುಂಬಾ ಆಶ್ಚರ್ಯವಾಯಿತು ಆದರೆ ನಾನು ಅದಕ್ಕಾಗಿ ತುಂಬಾ ಕೃತಜ್ಞನಾಗಿದ್ದೇನೆ ಏಕೆಂದರೆ ನಾನು ಇನ್ನೂ ಚಳಿಯಿಲ್ಲದೆ ನನ್ನ ಶಾರ್ಟ್ಸ್ ಅನ್ನು ಧರಿಸಬಹುದು,0
ನಾನು ಅಸಹನೆ ಹೊಂದಿದ್ದೇನೆ ನಾನು ಬ್ಲಾಗ್ ನಮೂದನ್ನು ಪೋಸ್ಟ್ ಮಾಡುತ್ತೇನೆ ಮತ್ತು ನಾನು ಕೆಲವು ಪದಗಳನ್ನು ಬರೆದು ಜಗತ್ತಿನಲ್ಲಿ ಪಡೆದುಕೊಂಡಿದ್ದೇನೆ ಎಂದು ನಾನು ಭಾವಿಸುತ್ತೇನೆ,0
ನಾನು ಈ ಬಗ್ಗೆ ನಿಜವಾಗಿಯೂ ಕಹಿ ಅನುಭವಿಸುತ್ತಿದ್ದೇನೆ,0
ನಾನು ಎಲ್ಲೀ ಬಗ್ಗೆ ಇಷ್ಟಪಟ್ಟಿದ್ದೇನೆ ಎಂದರೆ ಲೋಥೈರ್ ಅವಳಿಗೆ ಹೇಳಿದ ಎಲ್ಲಾ ಅಸಭ್ಯ ಡೌಚೆ ಬ್ಯಾಗಿ ವಿಷಯಗಳಿಂದ ಅವಳು ಅವಮಾನಿತಳಾಗಿರಲಿಲ್ಲ ಏಕೆಂದರೆ ಎಲ್ಲೀ ಅವಮಾನಗಳು ಯಾರಿಗಾದರೂ ಬಂದಾಗ ಮಾತ್ರ ನೋಯಿಸುತ್ತವೆ ನೀವು ನೇರವಾಗಿ ಗೌರವಿಸುತ್ತೀರಿ,0
ನಾನು ನಿಜವಾಗಿಯೂ ಕ್ವಿನ್ ಅನ್ನು ಇಷ್ಟಪಡುವುದಿಲ್ಲ ಏಕೆಂದರೆ ಅವಳು ಬಾರ್ನಿಯನ್ನು ನೋಯಿಸುತ್ತಾಳೆ ಎಂದು ನನಗೆ ಅನಿಸುತ್ತದೆ ಮತ್ತು ನಾನು ಲೇಮ್ ಟೆಡ್ ರಾಬಿನ್ ಕಥಾಹಂದರವನ್ನು ದ್ವೇಷಿಸುತ್ತಿದ್ದೆ,0
ನಾನು ಬೇಗನೆ ಎಚ್ಚರಗೊಳ್ಳುತ್ತೇನೆ ಆದ್ದರಿಂದ ನಾನು ಮುಂಗೋಪದ ಭಾವನೆಯನ್ನು ಅನುಭವಿಸುತ್ತೇನೆ,0
ನಾನು ಈ ಬ್ಲಾಗ್ ವಿಮರ್ಶೆಗೆ ಸ್ವಲ್ಪಮಟ್ಟಿಗೆ ಒತ್ತಾಯಿಸಲ್ಪಟ್ಟಿದ್ದೇನೆ ಆದ್ದರಿಂದ ನಾನು ಸ್ವಲ್ಪ ಧಾವಿಸಿ ಮತ್ತು ಗೊಂದಲಕ್ಕೊಳಗಾಗಿದ್ದೇನೆ,0
ನಾನು ಆಗಾಗ್ಗೆ ಪೂಲ್‌ನಲ್ಲಿ ನನ್ನ ತಾಯಿಯಾಗುವುದರಿಂದ ನಾನು ತುಂಬಾ ಅಸೂಯೆಪಡುವುದಿಲ್ಲ ಆದರೆ ಮತ್ತೆ ಗಂಡನನ್ನು ಹೊಂದಲು ಸಂತೋಷವಾಗಿದೆ,0
ನನಗೆ ಸಹಾಯ ಮಾಡಲಾಗಲಿಲ್ಲ ಆದರೆ ಚರ್ಚೆಯ ಎರಡೂ ಬದಿಗಳಲ್ಲಿ ಮತ್ತು ಅನಗತ್ಯ ದ್ವಿಗುಣದ ಬಗ್ಗೆ ಅಸಮಾಧಾನವಿದೆ,0
ನನ್ನ ಕೆರಳಿಸುವ ಸೂಕ್ಷ್ಮ ಸಂಯೋಜನೆಯ ಚರ್ಮವು ಅಂತಿಮವಾಗಿ ಅದರ ಹೊಂದಾಣಿಕೆಯನ್ನು ಪೂರೈಸಿದೆ ಎಂದು ನಾನು ಭಾವಿಸುತ್ತೇನೆ,0
ನಾನು ಸ್ಫೂರ್ತಿಯನ್ನು ಕಂಡುಕೊಳ್ಳುವ ಸಮಯದ ಕೊರತೆಯ ಬಗ್ಗೆ ನಾನು ನಿಜವಾಗಿಯೂ ಚಿಂತಿಸುತ್ತಿದ್ದೇನೆ,0
ನಾನು ನನ್ನ ಹಣವನ್ನು ಇಡುವಾಗ ಕ್ಯಾಷಿಯರ್‌ನೊಂದಿಗೆ ಮಾತನಾಡಲು ಸಾಧ್ಯವಾಯಿತು ಈಗ ನಾನು ನಾಣ್ಯಗಳೊಂದಿಗೆ ಮುಗ್ಗರಿಸಲು ಮತ್ತು ನನ್ನ ಪರ್ಸ್‌ನಲ್ಲಿ ಇರಿಸಿಕೊಳ್ಳಲು ಒಂದು ಸೆಕೆಂಡ್ ತೆಗೆದುಕೊಂಡರೆ ನಾನು ವಿಪರೀತ ಮತ್ತು ಒತ್ತಡವನ್ನು ಅನುಭವಿಸುತ್ತೇನೆ,0
ನಾನು ಒತ್ತು ಬದಲಾಯಿಸಬಹುದು ಮತ್ತು ನಾನು ಸ್ಟೆಲ್ಲಾ ಎಂದು ಹೇಳಬಹುದು ಮತ್ತು ನಾನು ಅಸಹನೆಯನ್ನು ಅನುಭವಿಸುತ್ತಿದ್ದೇನೆ ಎಂದು ನಾನು ಗಮನಿಸುತ್ತಿದ್ದೇನೆ,0
ನಾನು ಹೊರಗುತ್ತಿಗೆಯನ್ನು ಇಷ್ಟಪಡುವುದಿಲ್ಲ ಏಕೆಂದರೆ ನಾನು ಮೆಚ್ಚದ ಹುಲ್ಲುಗಾವಲು ಮತ್ತು ಸಾಮಾನ್ಯವಾಗಿ ಇತರರ ಕೆಲಸದ ಬಗ್ಗೆ ಅತೃಪ್ತಿ ಹೊಂದಿದ್ದೇನೆ ಆದರೆ ನಾನು ಹೊರಗುತ್ತಿಗೆಗೆ ನನ್ನನ್ನು ಒತ್ತಾಯಿಸಬೇಕಾಗಿದೆ ಏಕೆಂದರೆ ನೀವು ಎಲ್ಲವನ್ನೂ ನೀವೇ ಮಾಡಲು ಸಾಧ್ಯವಿಲ್ಲ ಎಂದು ನೀವು ತಿಳಿದುಕೊಳ್ಳಬೇಕು,0
ನಾನು ಇಂದು ತುಂಬಾ ಕಷ್ಟಪಟ್ಟಿದ್ದೇನೆ ಮತ್ತು ನಾನು ಹುಚ್ಚುತನದ ಮತ್ತು ದಣಿದ ಮತ್ತು ಪ್ರೇರೇಪಿತವಾಗಿಲ್ಲದಿದ್ದರೂ ಸಹ ನಾನು ಹನ್ನೊಂದು ಮೂವತ್ತಕ್ಕಿಂತ ಮೊದಲು ಮಲಗಲು ಹೋಗುತ್ತಿಲ್ಲ,0
ನಾನು ಅದನ್ನು ಹೇಳುತ್ತಿರುವಾಗ ನಾನು ನಿಜವಾಗಿಯೂ ಕಿರಿಕಿರಿ ಅನುಭವಿಸುತ್ತಿದ್ದೇನೆ ಎಂದು ನಾನು ಅರಿತುಕೊಂಡೆ,0
ಬಹಳಷ್ಟು ಪುರುಷರು ರಾಯಲ್ ಆಗಿ ಫಕ್ ಆಗಿದ್ದಾರೆ ಮತ್ತು ಜೀವನವನ್ನು ಹಾಳುಮಾಡುತ್ತಿದ್ದಾರೆ ಮತ್ತು ಪ್ರಕ್ರಿಯೆಯಲ್ಲಿ ತಮ್ಮನ್ನು ತಾವು ನಾಶಪಡಿಸಿಕೊಳ್ಳುತ್ತಿದ್ದಾರೆ ಎಂದು ನನಗೆ ಅನಿಸುತ್ತದೆ,0
ನಾನು ದೇವರ ಮೇಲೆ ಹುಚ್ಚನಾಗಬಹುದೆಂದು ನನಗೆ ಅನಿಸಲಿಲ್ಲ ಏಕೆಂದರೆ ದೇವರು ಉದ್ದೇಶವಿಲ್ಲದೆ ಏನನ್ನೂ ಮಾಡುವುದಿಲ್ಲ ಎಂದು ನನಗೆ ತಿಳಿದಿದೆ,0
"ನಾನು ಕೆಲವೊಮ್ಮೆ ತಲೆ ಕೆಡಿಸಿಕೊಳ್ಳಲು ಪ್ರಚೋದನೆಗಳನ್ನು ಹೊಂದಿದ್ದೇನೆ ಏಕೆಂದರೆ ನಾನು ತುಂಬಾ ತೊಂದರೆಗೀಡಾಗಿದ್ದೇನೆ ಮತ್ತು ಸಾಮಾನ್ಯವಾಗಿ ಯಾವುದೂ ನನಗೆ ತೊಂದರೆಯಾಗುವುದಿಲ್ಲ ಅಥವಾ ಕಿರಿಕಿರಿಯನ್ನು ಉಂಟುಮಾಡುವುದಿಲ್ಲ, ನಾನು ಹುಚ್ಚನಾಗಿದ್ದಾಗ ನಾನು ನನ್ನ ತೋಳುಗಳನ್ನು ಗೀಚುತ್ತೇನೆ",0
ನಾನು ಇಂದು ಸ್ವಲ್ಪ ಕಿರಿಕಿರಿಯನ್ನು ಅನುಭವಿಸುತ್ತಿದ್ದೇನೆ,0
ಕೆಲವು ವಾರಗಳ ಹಿಂದೆ ನಾನು ಲಘುವಾಗಿ ತೆಗೆದುಕೊಂಡಿದ್ದೇನೆ ಮತ್ತು ಇದು ನಿಜವಾಗಿಯೂ ವಿಲಕ್ಷಣವಾಗಿದೆ ಮತ್ತು ನನಗೆ ನಿಜವಾಗಿಯೂ ಕ್ಷೋಭೆ ಮತ್ತು ನಿರಾಶೆಯನ್ನುಂಟುಮಾಡುತ್ತದೆ,0
"ನಾನು ಅವಳನ್ನು ಕೇಳಿದೆ, ಅವಳು ನನ್ನ ಮೇಲೆ ಹೆಚ್ಚಿನ ಹುಡುಗಿಯರನ್ನು ಹೊಂದಿದ್ದಾಳೆ ಎಂಬುದಕ್ಕೆ ಅವಳು ಅಸೂಯೆ ಪಡುತ್ತಾಳೆ ಎಂದಳು ಮತ್ತು ನಂತರ ಅವಳು ಹೇಳಿದಳು ನಾನು ನಿನ್ನನ್ನು ಸ್ವಲ್ಪ ಇಷ್ಟಪಡುತ್ತೇನೆ",0
ನಾನು ಸೆಳೆತ ಮತ್ತು ಹುಚ್ಚುತನವನ್ನು ಅನುಭವಿಸುತ್ತಿದ್ದೇನೆ,0
ಈ ಆತ್ಮರಹಿತ ಪರಿಸರದಲ್ಲಿ ನಾನು ಅವಳನ್ನು ವ್ಯಾಯಾಮ ಮಾಡಲು ಪ್ರಯತ್ನಿಸಿದರೆ ಬ್ರಿಯಾರ್ ಬೀಗಲ್ ಅವಳ ಅಸಹ್ಯಕರ ನೋಟವನ್ನು ನನಗೆ ನೀಡುತ್ತದೆ,0
ನಾನು ಮನವಿ ಸ್ವೀಕರಿಸುವ ಮಾಧ್ಯಮಗಳ ವಾಗ್ದಾಳಿಯಿಂದ ನಾನು ವಿಚಲಿತನಾಗಿದ್ದೇನೆ,0
ನಾನು ಅಸೂಯೆ ಪಟ್ಟದ್ದನ್ನು ನೆನಪಿಸಿಕೊಳ್ಳುತ್ತೇನೆ ಆದರೆ ಯುವ ಆರೋಗ್ಯವಂತ ವ್ಯಕ್ತಿಯು ಕೇವಲ ಬದುಕುಳಿದ ವ್ಯಕ್ತಿಯನ್ನು ಏಕೆ ಅಸೂಯೆಪಡುತ್ತಾನೆ,0
ಈ ಜನರ ಬಗ್ಗೆ ನನಗೆ ತುಂಬಾ ಅಸೂಯೆ ಪಟ್ಟರೂ ಏನೂ ಬದಲಾಗುವುದಿಲ್ಲ ಎಂದು ನನಗೆ ತಿಳಿದಿದೆ ಆದರೆ ನಾನು ಈ ಜನರ ಬಗ್ಗೆ ಅಸೂಯೆ ಪಡುವುದನ್ನು ನಿಲ್ಲಿಸಲು ಸಾಧ್ಯವಿಲ್ಲ ಏಕೆಂದರೆ ಅದು ವರ್ತಿಸುವ ಮಾನವ ಸ್ವಭಾವವಾಗಿದೆ,0
ನಾನು ಕಹಿ ಅನುಭವಿಸದಿರಲು ಪ್ರಯತ್ನಿಸುತ್ತಿದ್ದೇನೆ ಆದರೆ ನನ್ನ ಆಸೆ ಬಹುಮಟ್ಟಿಗೆ ಅಸಾಧ್ಯವೆಂದು ತೋರುತ್ತಿರುವಾಗ ನಾನು ಬೇರೆ ಹೇಗೆ ಭಾವಿಸಬಹುದು,0
ನಾನು ಪಾದಚಾರಿ ಮಾರ್ಗದ ಯುರುಸಿ ಯತ್ಸುರಾ ಮತ್ತು ಕೋಹೀಡ್ ಮತ್ತು ಕ್ಯಾಂಬ್ರಿಯಾವನ್ನು ಅವರು ಕಿತ್ತುಹಾಕಿದ್ದಾರೆಂದು ಮನನೊಂದಿಸದೆ ನೆನಪಿಸಿಕೊಳ್ಳುತ್ತೇನೆ,0
"ನಾನು ಇಷ್ಟಪಡುವ ಜನರು ನನ್ನೊಂದಿಗೆ ಮಾತನಾಡುವುದಿಲ್ಲ ಮತ್ತು ಇನ್ನು ಮುಂದೆ ನನ್ನೊಂದಿಗೆ ಸಂಪರ್ಕ ಹೊಂದಿಲ್ಲ ಎಂದು ನಾನು ಭಾವಿಸುತ್ತೇನೆ ಏಕೆಂದರೆ ಅವರು ಮಾನಸಿಕ ಆರೋಗ್ಯ ಮತ್ತು ಭಾವನಾತ್ಮಕ ಸಮಸ್ಯೆಗಳನ್ನು ಕಳೆದುಕೊಂಡಿದ್ದಾರೆ, ಅದನ್ನು ಅರ್ಥಮಾಡಿಕೊಳ್ಳಲು ಅಥವಾ ಒಳಗೊಳ್ಳಲು ನಾನು ಸಹಾಯ ಮಾಡಲು ಸಾಧ್ಯವಿಲ್ಲ",0
ನಾನು ಇಲ್ಲಿ ಬರೆಯುತ್ತಿದ್ದೇನೆ ಮತ್ತು ಹಂಚಿಕೊಳ್ಳುತ್ತಿದ್ದೇನೆ ನನ್ನ ಸ್ವಂತ ಕಥೆಯ ಬಗ್ಗೆ ಮತ್ತು ನನ್ನ ಹೃದಯದಿಂದ ನಾನು ನಂಬುವ ವಿಷಯವೆಂದರೆ ಜಗತ್ತು ನನ್ನ ಮೇಲೆ ಕೋಪಗೊಳ್ಳುವುದಕ್ಕಿಂತ ದೇವರಲ್ಲಿ ನಮ್ಮಲ್ಲಿರುವ ಸಂಪತ್ತನ್ನು ತಿಳಿದುಕೊಳ್ಳಬೇಕು ಅಥವಾ ಜನರು ಮತ್ತು ನಾಯಕರು ಮತ್ತು ಪೋಷಕರನ್ನು ದೂಷಿಸಲು ಪ್ರಯತ್ನಿಸುತ್ತಿದ್ದಾರೆ,0
ಪೀಟ್ ಎಡೋಚಿ ಸಾವಿಗೆ ಪ್ರತಿಕ್ರಿಯಿಸಿದ ಅವಮಾನವನ್ನು ನಾನು ಅನುಭವಿಸುತ್ತೇನೆ,0
ನಾನು ಭಾವಿಸುತ್ತೇನೆ ಆದರೆ ಅಂತಹ ಪ್ರತಿಕೂಲ ಮಟ್ಟಿಗೆ ಅಲ್ಲ,0
ನಾನು ಖಂಡಿತವಾಗಿಯೂ ಸ್ವಾಧೀನಪಡಿಸಿಕೊಂಡ ಅಭಿರುಚಿಯಾಗಿದ್ದೇನೆ ಆದರೆ ಇತ್ತೀಚೆಗೆ ನನ್ನ ಸುತ್ತಲಿರುವ ಅನೇಕರು ರುಚಿ ಕಹಿ ಎಂದು ಭಾವಿಸಿದ್ದಾರೆ,0
ಇದು ನಿಜವಾದ ಹೀರೋಗಳಿಲ್ಲದ ಸರಣಿಯ ಸ್ಥಳವಾಗಿದೆ ಎಂದು ನಾನು ಇಷ್ಟಪಡುತ್ತೇನೆ ಮತ್ತು ಈ ಪುಸ್ತಕಗಳಲ್ಲಿನ ದಂಪತಿಗಳು ಪ್ರೀತಿಯಲ್ಲಿ ಬೀಳುವ ರೀತಿಯಲ್ಲಿ ಅವರು ಮನೆಗೆ ಕರೆಯುವ ಸ್ಥಳದಂತೆಯೇ ಹಿಂಸಾತ್ಮಕ ಮತ್ತು ಹುಚ್ಚುತನದ ಭಾವನೆಯನ್ನು ನಾನು ಇಷ್ಟಪಡುತ್ತೇನೆ,0
ಅವನು ಅಂತಿಮವಾಗಿ ಸಹಿಸಿಕೊಳ್ಳುವ ಅನಾರೋಗ್ಯದಿಂದ ಬಳಲುತ್ತಿದ್ದಾನೆ ಮತ್ತು ಈಗ ಕೇವಲ ತಣ್ಣನೆಯ ಭುಜವನ್ನು ನೀಡುತ್ತಿದ್ದಾನೆ ಎಂದು ನಾನು ದಿನನಿತ್ಯದ ಟ್ಯಾಗ್‌ನೊಂದಿಗೆ ಅಸಹ್ಯಕರ ಕಿರಿಕಿರಿಯ ಕರೆಯಂತೆ ಭಾವಿಸುತ್ತೇನೆ,0
ನಾನು ಇಂದು ಮನೆಯಲ್ಲಿ ಕುಳಿತು ಪರಿಷ್ಕರಿಸುತ್ತಿದ್ದೇನೆ ಮತ್ತು ಎಲ್ಲದರಲ್ಲೂ ಸಾಕಷ್ಟು ಒತ್ತಡವನ್ನು ಅನುಭವಿಸುತ್ತಿದ್ದೇನೆ,0
ಅವರು ಭಾಗವಹಿಸಿದ ಪ್ರತಿ ಅಧಿವೇಶನದಲ್ಲಿ ನಾನು ಹೆಚ್ಚು ಹೆಚ್ಚು ನಿರಾಶೆಗೊಂಡಿದ್ದೇನೆ,0
ನಾನು ಆಕ್ರಮಣಕ್ಕೊಳಗಾಗಿದ್ದೇನೆ ಅಥವಾ ಅವಮಾನಿತನಾಗಿದ್ದೇನೆ ಎಂದು ಭಾವಿಸುತ್ತೇನೆ ದಾಳಿಯ ಕಲ್ಪನೆಯು ನನ್ನ ಸ್ವಂತ ಮನಸ್ಸಿನಲ್ಲಿ ಜೀವಂತವಾಗಿದೆ ಮತ್ತು ಚೆನ್ನಾಗಿದೆ ಎಂಬುದನ್ನು ಅರಿತುಕೊಳ್ಳುವುದು ಸಹಾಯಕವಾಗಿದೆ,0
ನನ್ನ ಬುದ್ಧಿಮತ್ತೆಯನ್ನು ಅವಮಾನಿಸಲಾಗಿದೆ ಎಂದು ನಾನು ಭಾವಿಸಿದಾಗ ನಾನು ಸುಲಭವಾಗಿ ಅಪರಾಧ ಮಾಡುತ್ತೇನೆ,0
"ನನ್ನ ಪ್ಲೇಡೇಟ್ ನೀತಿಯನ್ನು ಜಾರಿಗೊಳಿಸುವುದನ್ನು ನಾನು ಮುಂದುವರಿಸಬೇಕಾಗಿತ್ತು ಅಂದರೆ ಪ್ರತಿ ದಿನವೂ ಒಂದು ಭಯಾನಕ ಬೆಳಿಗ್ಗೆ ಡ್ರಾಪ್‌ನಲ್ಲಿ ಮತ್ತು ಮಧ್ಯಾಹ್ನ ಒಮ್ಮೆ ನಾನು ನೋವಾಗೆ ನೆನಪಿಸಿದಾಗ ಎರಡು ಬಾರಿ ಕೋಪಗೊಂಡಿದ್ದೆ, ಏಕೆಂದರೆ ಮಮ್ಮಿ ಕಾಣೆಯಾದ ಕೆಟ್ಟ ಡ್ರಾಪ್‌ನಿಂದ ಅವನು ಆಟವಾಡಲು ಸಾಧ್ಯವಿಲ್ಲ",0
ನಾನು ಕೆಲವು ಹರಿರಾಯ ಕುಕೀಗಳನ್ನು ರುಚಿ ನೋಡಿದೆ ಮತ್ತು ದುರಾಸೆಯ ಭಾವನೆಯಿಂದ ನಾನು ಹೋಗಿ ಅವರ ಕುಯೆಹ್ ಮಕ್ಮುರ್ ಮತ್ತು ಟಾರ್ಟ್ ಅನ್ನು ಪ್ರಿ-ಬುಕ್ ಮಾಡುತ್ತೇನೆ ಏಕೆಂದರೆ ಅವರ ನೈರ್ಮಲ್ಯ ಗುಣಮಟ್ಟ ಮತ್ತು ಪದಾರ್ಥಗಳು ನನಗೆ ತಿಳಿದಿವೆ,0
ನಾನು ಏನನ್ನಾದರೂ ಖರೀದಿಸುತ್ತೇನೆ ಮತ್ತು ನಾನು ಬೇರೆ ಯಾವುದನ್ನು ಖರೀದಿಸಿಲ್ಲ ಎಂದು ನೋಡುತ್ತೇನೆ ಮತ್ತು ನಂತರ ಇಲ್ಲಿ ಮತ್ತು ಅಲ್ಲಿ ಸ್ವಲ್ಪ ಹೋಲಿಕೆ ಮಾಡಿದ ನಂತರ ನನ್ನ ಖರೀದಿಯಿಂದ ನಾನು ಇದ್ದಕ್ಕಿದ್ದಂತೆ ಅತೃಪ್ತನಾಗಿದ್ದೇನೆ,0
ನಾನು ಒಳ್ಳೆಯ ಮಾಹಿತಿಯನ್ನು ಹೊಂದಿದ್ದೇನೆ ಎಂದು ನನಗೆ ತಿಳಿದಿತ್ತು ಏಕೆಂದರೆ ನನ್ನ ಆರಂಭಿಕ ಪ್ರತಿಕ್ರಿಯೆಯು ಮನನೊಂದಿದೆ ಮತ್ತು ನಿಖರವಾಗಿ ಮಾಡದಿರುವ ಬಗ್ಗೆ ಮಾತನಾಡುತ್ತಿದ್ದರೂ ವಾದಿಸಲು ಬಯಸುತ್ತೇನೆ,0
ನಾನು ಅದನ್ನು ಹೇಳುತ್ತಿದ್ದೇನೆ ಎಂದು ಭಾವಿಸುತ್ತೇನೆ ಆದರೆ ಮುಂದಿನ ಶನಿವಾರ ನಾನು ಒಬ್ಬಂಟಿಯಾಗಿರಲು ಬಯಸುತ್ತೇನೆ ಎಂದು ನಾನು ಭಾವಿಸುತ್ತೇನೆ,0
ನಾನ್‌ಸ್ಟಾಪ್ ಎಡಪಂಥೀಯ ಪ್ರಚಾರದಿಂದ ನೀವು ತುಂಬಾ ಅಸಹ್ಯಪಡುತ್ತೀರಿ ಎಂದು ನನಗೆ ಗೊತ್ತು ಸಚಿವಾಲಯವು ಮಂಥನ ಮಾಡುತ್ತದೆ ಆದರೆ ಸಾರ್ವಜನಿಕರಿಂದ ಅದು ಟ್ಯೂನ್ ಆಗಿಲ್ಲ,0
ಇದು ಹುಚ್ಚು ದುಃಖ ನಿರಾಶೆಯೋ ಅಥವಾ ಶಾಂತಿಯುತವೋ ಎಂದು ನಾನು ಭಾವಿಸುತ್ತಿದ್ದೆ,0
ವಿಶೇಷವಾಗಿ ದೇವರ ವಾಕ್ಯದಲ್ಲಿ ನೆಲೆಗೊಳ್ಳದ ಹೊಸ ನಂಬಿಕೆಯುಳ್ಳವರಿಗೆ ಇದು ಅಪಾಯಕಾರಿ ಎಂದು ನಾನು ಭಾವಿಸುತ್ತೇನೆ,0
ನಾವು ನಮ್ಮ ಫ್ಲಾಟ್‌ನಲ್ಲಿ ಪೀಠೋಪಕರಣಗಳನ್ನು ಮರುಹೊಂದಿಸಿದಾಗ ಮತ್ತು ಕುರ್ಚಿಯಲ್ಲಿ ಸಿಲುಕಿಕೊಂಡಾಗ,0
ನಾನು ಒತ್ತಡವನ್ನು ಅನುಭವಿಸುತ್ತಿದ್ದೇನೆ ಮತ್ತು ಸ್ವಲ್ಪ ಹೆಚ್ಚು ಆತಂಕಕ್ಕೊಳಗಾಗಿದ್ದೇನೆ,0
ನಾನು ವಿಶೇಷವಾಗಿ ಕೋಪಗೊಂಡಿದ್ದೇನೆ ಮತ್ತು ಪಾರ್ಟಿಗೆ ಹೋಗಲು ಬಯಸುತ್ತೇನೆ,0
ನಾನು ರಜಾದಿನಗಳ ದುರಾಸೆ ಮತ್ತು ನನ್ನ ಜವಾಬ್ದಾರಿಗಳನ್ನು ಮರೆತಿದ್ದೇನೆ,0
ನಾನು ಅತೃಪ್ತನಾಗಿದ್ದೇನೆ ಮತ್ತು ಗುಣಪಡಿಸಲು ಹೆಚ್ಚು ಒಗ್ಗಿಕೊಂಡಿದ್ದೇನೆ,0
ನಾನು ಈಗಾಗಲೇ ಅಸೂಯೆ ಪಟ್ಟಿದ್ದೇನೆ,0
ಕ್ಲಾಸ್ ಲೀಡರ್ ತನ್ನ ಸ್ನೇಹಿತರನ್ನು ಮಾತ್ರ ಆಯ್ಕೆ ಮಾಡುತ್ತಾನೆ ಎಂದು ಕೆಲವರು ಹೇಳುತ್ತಾರೆ ನಿಜವಲ್ಲ,0
ಅವಳು ಸಮುದ್ರಕ್ಕೆ ಅಲೆದಾಡುವುದು ಅತ್ಯಂತ ಅಪಾಯಕಾರಿ ಎಂದು ನಾನು ಭಾವಿಸುತ್ತೇನೆ,0
"ನಾನು ಅದನ್ನು ಪದಗಳಿಲ್ಲದೆ ಹಾಕಬಲ್ಲೆ ಏಕೆಂದರೆ ಈ ಬೆಳಿಗ್ಗೆ ಅದು ತುಂಬಾ ಸುಂದರವಾಗಿತ್ತು ಎಂದು ನಾನು ಟೈಪ್ ಮಾಡಲು ಸಾಧ್ಯವಿಲ್ಲ, ಹೌದು ನಾನು ಇಂದು ವ್ಯಂಗ್ಯವಾಗಿ ಭಾವಿಸುತ್ತೇನೆ",0
ನಾನು ಈಗ ಹಿಂದೆಂದಿಗಿಂತಲೂ ಹೆಚ್ಚು ಹಿಂಸಾತ್ಮಕವಾಗಿ ಭಾವಿಸುತ್ತೇನೆ,0
ಕಾಸ್ಪ್ಲೇ ಗೂಂಡಾಗಳ ನಾಯಕರು ನೀವು ಇದ್ದರೆ ಅವರು ಹೆದರುವುದಿಲ್ಲ ಎಂದು ಹೇಗೆ ಅವಮಾನಿಸಿದ್ದೇನೆ ಎಂದು ನಾನು ಭಾವಿಸುತ್ತೇನೆ,0
ನಾನು ಸಾಮಾನ್ಯವಾಗಿ ನನಗೆ ಅಪ್ರಸ್ತುತವಾಗಿರುವ ಪುಟದ ಆಮಂತ್ರಣಗಳನ್ನು ನಿರ್ಲಕ್ಷಿಸುತ್ತೇನೆ ಅಥವಾ ಫೇಸ್‌ಬುಕ್ ಗೇಮ್ ಆಮಂತ್ರಣಗಳನ್ನು ನಿರ್ಲಕ್ಷಿಸುತ್ತೇನೆ ಏಕೆಂದರೆ ಅದು ವ್ಯಕ್ತಿಗತವಲ್ಲ ಮತ್ತು ಅದು ನಿಷ್ಕಪಟವಾಗಿದೆ,0
ಈ ಸಮಯದಲ್ಲಿ ಹೆಚ್ಚಿನ ತಂಡಗಳು ಜಾಕ್ಸನ್‌ನನ್ನು ಸಮಾಧಾನಪಡಿಸುತ್ತಿದ್ದವು ಎಂದು ನನಗೆ ಅನಿಸುತ್ತದೆ ಆದರೆ ಹದ್ದುಗಳು ಭಯಂಕರವಾಗಿ ಮೊಂಡುತನವನ್ನು ಹೊಂದಿವೆ,0
ನನ್ನ ಭಾವನೆಯನ್ನು ನಾನು ಅವನಿಗೆ ಎಂದಿಗೂ ಹೇಳಲಾರೆ ಮತ್ತು ಅದು ನಿಜವಾಗಿಯೂ ಹೀರುತ್ತದೆ ಏಕೆಂದರೆ ಅವನು ಅದರಿಂದ ನಿಜವಾಗಿಯೂ ತೊಂದರೆಗೊಳಗಾಗುತ್ತಾನೆ ಎಂದು ನಾನು ಭಾವಿಸುತ್ತೇನೆ,0
ಹಾಲಿವುಡ್‌ನ ಸೀ ಆರ್ಗ್‌ನಲ್ಲಿ ಬಹಳಷ್ಟು ಜನರು ಸಿಟ್ಟುಗೊಂಡಿದ್ದಾರೆ ಎಂಬ ಭಾವನೆ ನನ್ನಲ್ಲಿದೆ,0
ನಾನು ಇತರರ ಬೂಟುಗಳಲ್ಲಿ ನನ್ನನ್ನು ಹಾಕಿಕೊಂಡಾಗ ಮತ್ತು ವ್ಯಕ್ತಿಯನ್ನು ಸಂತೋಷಪಡಿಸಲು ಪ್ರಯತ್ನಿಸುತ್ತೇನೆ,0
ನಾನು ಈ ಕಟುವಾದ ಭಾವನೆಯನ್ನು ಹೊಂದಿದ್ದೇನೆ ಎಂದು ನನಗೆ ಖಚಿತವಾಗಿರಲಿಲ್ಲ ಆದರೆ ನಾನು ಏನೂ ಮಾಡದೆ ಕುಳಿತುಕೊಂಡೆ,0
"ಕಳೆದ ವರ್ಷ ಜನವರಿ ಹೇಗಿತ್ತು ಎಂದು ನನಗೆ ನೆನಪಿಲ್ಲ, ಅದಕ್ಕಾಗಿಯೇ ನನಗೆ ನಿಜವಾದ ಡೈರಿ ಬೇಕು ಆದರೆ ಇದು ಕಹಿಯಾದ ಕತ್ತಲೆ ಮತ್ತು ನೀರಸವಾಗಿದೆ",0
ನಾನು ದ್ರೋಹ ಮತ್ತು ಕೋಪ ಮತ್ತು ಅದೇ ಸಮಯದಲ್ಲಿ ದುಃಖಿತನಾಗಿದ್ದೇನೆ,0
ನಾನು ಕೆಲವು ತಿಂಗಳುಗಳವರೆಗೆ ಚಳಿಯಾಗಿರುತ್ತೇನೆ ಎಂಬ ಕೆಟ್ಟ ಭಾವನೆ ನನ್ನಲ್ಲಿದೆ,0
ಬಹುಶಃ ನಾನು ಅದನ್ನು ಒಪ್ಪಿಕೊಳ್ಳಲು ಹಠಮಾರಿ ಸಂಬಂಧವನ್ನು ಬಯಸುತ್ತೇನೆ ಎಂದು ನನಗೆ ಅನಿಸಲು ಪ್ರಾರಂಭಿಸಿದೆ,0
ನಾನು ಸ್ಕ್ರಿಪ್ಟ್ ಅನ್ನು ಕೈಬಿಟ್ಟೆ ಮತ್ತು ನನ್ನ ಬಗ್ಗೆ ಅತೃಪ್ತಿ ಹೊಂದಿದ್ದೇನೆ,0
ನಾನು ದುರಾಸೆಯಿಂದ ತುಂಬಾ ದುಬಾರಿ ಏನನ್ನಾದರೂ ಕೇಳುತ್ತಿದ್ದೇನೆ ಎಂದು ನನಗೆ ಅನಿಸುತ್ತದೆ,0
ನಾನು ಅದನ್ನು ಬಳಸುವುದನ್ನು ನಿಲ್ಲಿಸಲು ಏನು ಮಾಡಿದೆ ಎಂದು ನನಗೆ ನಿಖರವಾಗಿ ನೆನಪಿಲ್ಲ ಆದರೆ ನಾನು ಇತರ ಕೂದಲಿನ ಉತ್ಪನ್ನಗಳಿಂದ ವಿಚಲಿತನಾಗಿದ್ದೇನೆ ಮತ್ತು ಅದರ ಬಗ್ಗೆ ಮರೆತಿದ್ದೇನೆ ಎಂಬ ಭಾವನೆ ಇದೆ,0
ನಾನು ಸಂಪೂರ್ಣವಾಗಿ ಹೆಚ್ಚು ಅಪಾಯಕಾರಿ ಎಂದು ಭಾವಿಸುತ್ತೇನೆ,0
ನನ್ನ ಮನೆ ಬಾಗಿಲನ್ನು ಅಲಂಕರಿಸಲು ಕೆಲವು ವಾರ್ಷಿಕಗಳಿಗೆ ಹಣವನ್ನು ಖರ್ಚು ಮಾಡುವ ಆಲೋಚನೆಯಲ್ಲಿ ನಾನು ಕೆಲವೊಮ್ಮೆ ಕಿರಿಕಿರಿಯನ್ನು ಅನುಭವಿಸುತ್ತೇನೆ,0
ನಾನು ಅವಳ ಸಂತೋಷದ ಕಿರುಚಾಟವನ್ನು ಬಾಟಲಿಯಲ್ಲಿ ಇಡಬಹುದೆಂದು ನಾನು ಬಯಸುತ್ತೇನೆ ಮತ್ತು ನಾನು ಮುಂಗೋಪದ ಭಾವನೆ ಬಂದಾಗಲೆಲ್ಲಾ ಅವುಗಳನ್ನು ಹೊರಹಾಕುತ್ತೇನೆ,0
ನಾನು ಅಪಾಯಕಾರಿ ಮತ್ತು ಅನಾರೋಗ್ಯದಿಂದ ಬಳಲುತ್ತಿದ್ದೇನೆ ಎಂದು ಬರೆಯಿರಿ ಮತ್ತು ನರಕವು ನನ್ನನ್ನು ಎಲ್ಲಿಗೆ ಕರೆದೊಯ್ಯುತ್ತದೆ ಎಂದು ಲೆಕ್ಕಾಚಾರ ಮಾಡಿ,0
ನಾನು ಸಹ ಕರುಣಾಜನಕ ಪಕ್ಷವನ್ನು ಹೊಂದಿದ್ದೇನೆ ಎಂದು ನಾನು ಭಾವಿಸುತ್ತೇನೆ ಏಕೆಂದರೆ ನಾನು ಪ್ರತಿದಿನ ಎಷ್ಟು ಕಡಿಮೆ ಸಮಯವನ್ನು ಹೊಂದಿದ್ದೇನೆ ಎಂದು ತೋರುತ್ತಿದೆ ಎಂದು ನಾನು ಸ್ವಲ್ಪ ನಿರಾಶೆಗೊಂಡಿದ್ದೇನೆ.,0
ನಾನು ಬಲವಾಗಿ ಒಪ್ಪದಿರುವ ಹೇಳಿಕೆಗಳನ್ನು ಕೇಳುವುದರಿಂದ ನಾನು ಕೆಲವೊಮ್ಮೆ ಮನನೊಂದಿರಬಹುದು,0
ನಾನು ಹಿಂದೆಂದಿಗಿಂತಲೂ ಹೆಚ್ಚು ಸೈಕಲ್ ಓಡಿಸಬಲ್ಲೆ ಮತ್ತು ಮ್ಯಾಂಚೆಸ್ಟರ್ ಅನ್ನು ಬ್ಲ್ಯಾಕ್‌ಪೂಲ್ ಮೈಲುಗಳಿಗೆ ಮುಗಿಸುವ ಭಾವನೆಯನ್ನು ಹೊಂದಿದ್ದೇನೆ ನಂತರ ಹಾಕಲು ಹೆಚ್ಚುವರಿ ಮೈಲಿ ಸವಾರಿ ಮಾಡುವುದರಲ್ಲಿ ಯಾವುದೇ ತಲೆಕೆಡಿಸಿಕೊಳ್ಳುವುದಿಲ್ಲ,0
ನಾನು ಪೋಸ್ಟ್ ಮಾಡಲು ಒಂದು ನಿಮಿಷ ಹಿಡಿಯುತ್ತಿದ್ದೇನೆ ನಾನು ದುರಾಸೆಯ ತಪ್ಪು ಎಂದು ಭಾವಿಸುತ್ತೇನೆ,0
ನನಗೆ ಬೇಸರವಾಗುತ್ತಿದೆ,0
ಅತೃಪ್ತಿಯನ್ನು ಅನುಭವಿಸಲು ಇದು ವರ್ಷದ ಸುಲಭವಾದ ಸಮಯ ಎಂದು ನಾನು ಭಾವಿಸುತ್ತೇನೆ,0
ಯಾರೂ ಏನನ್ನೂ ಮಾಡದೆ ಅಥವಾ ಏನನ್ನೂ ಹೇಳದೆ ನಾನು ಕಿರಿಕಿರಿ ಮತ್ತು ತಿರಸ್ಕರಿಸಲ್ಪಟ್ಟಿದ್ದೇನೆ,0
ನಾನು ಸಾಮಾನ್ಯವಾಗಿ ಬೆಳಿಗ್ಗೆ ತಿನ್ನುವುದಿಲ್ಲವಾದ್ದರಿಂದ ನಾನು ಫಕ್ ಅಪ್ ಆಗಿದ್ದೇನೆ ಎಂದು ನನಗೆ ಈಗಾಗಲೇ ಅನಿಸುತ್ತದೆ,0
ನಾನು ತಣ್ಣಗಾಗುವುದನ್ನು ನಿಲ್ಲಿಸಿದೆ ಮತ್ತು ಬಿಸಿಯಾಗಲು ಪ್ರಾರಂಭಿಸಿದೆ,0
"ನನ್ನ ಹಿಂದಿನ ಪೋಸ್ಟ್‌ಗಳನ್ನು ನಾನು ಮತ್ತೆ ಓದುವಾಗ ನಾನು ಸ್ವಾರ್ಥಿ ಎಂದು ಭಾವಿಸುತ್ತೇನೆ ಹೇಗೆ ನಾನು ಇತರರಿಗಾಗಿ ಪ್ರಾರ್ಥನೆಯನ್ನು ಕೇಳಲಿಲ್ಲ, ನನ್ನದೇ ಆದ ಮೊದಲು ಅವರ ಪ್ರಾರ್ಥನೆಗೆ ಅರ್ಹರಾಗಿರುವ ಇತರರು ಅಲ್ಲಿರಬಹುದು ಎಂದು ನಾನು ಎಂದಿಗೂ ಪರಿಗಣಿಸಲಿಲ್ಲ",0
ಕೋಪಗೊಂಡ ಮಗು ಹಿಂಸಾತ್ಮಕವಾದಾಗ ಪೋಷಕರು ಅನುಭವಿಸುವ ನೋವು ನನಗೆ ತಿಳಿದಿದೆ,0
ನಾನು ಕೋಪ ಮತ್ತು ಉರಿಯುತ್ತಿರುವಂತೆ ಭಾವಿಸುತ್ತೇನೆ,0
ಶೂಟರ್‌ನೊಂದಿಗೆ ನಾನು ತುಂಬಾ ಕೋಪಗೊಂಡಿದ್ದೇನೆ ಎಂದು ನನಗೆ ನೆನಪಿದೆ,0
"ನಾನು ಇಂದು ಕಹಿಯಾಗಿದ್ದೇನೆ, ಇಡೀ ದಿನ ನನ್ನ ಮನಸ್ಥಿತಿ ವಿಚಿತ್ರವಾಗಿದೆ ಆದ್ದರಿಂದ ನಾನು ಅದನ್ನು ಊಹಿಸುತ್ತೇನೆ",0
ನನಗೆ ಅನ್ಯಾಯ ಮಾಡಿದೆ ಎಂದು ನಾನು ಭಾವಿಸುವ ಯಾರ ಮೇಲೂ ಇರುವ ದ್ವೇಷವನ್ನು ನಾನು ಬಿಡುತ್ತಿದ್ದೇನೆ,0
ನಾನು ಕುಟುಂಬಕ್ಕೆ ವಿದಾಯ ಹೇಳುತ್ತೇನೆ ಅವರೆಲ್ಲರೂ ದುಃಖಿತರಾಗಿದ್ದಾರೆ ಮತ್ತು ನಾನು ಹೃದಯಹೀನ ಬಿಚ್ ಎಂದು ಭಾವಿಸುತ್ತೇನೆ ಏಕೆಂದರೆ ಹೇ ನಾನು ಮೊದಲ ಬಾರಿಗೆ ಹಾರಲು ಉತ್ಸುಕನಾಗಿದ್ದೇನೆ ಮತ್ತು ಇನ್ನೊಂದು ದೇಶದಲ್ಲಿ ಒಂದು ವರ್ಷ ಕಳೆಯಲು ನಿಮಗೆ ತಿಳಿದಿದೆ,0
ನಾನು ಇದೀಗ ನಿಜವಾಗಿಯೂ ಹಿಂಸಾತ್ಮಕ ಭಾವನೆ ಹೊಂದಿದ್ದೇನೆ,0
ನನ್ನ ಜನಾಂಗ ಮತ್ತು ರಾಷ್ಟ್ರೀಯತೆಯಿಂದ ಈ ಮಹಿಳೆಯೊಂದಿಗೆ ಸಂಬಂಧ ಹೊಂದಲು ನನಗೆ ಅಸಹ್ಯವಾಗಿದೆ,0
ನಾನು ಮತ್ತೆ ಕಟುವಾಗಿ ನಕ್ಕಿದ್ದೇನೆ ಆದರೆ ನನಗೆ ಕಹಿ ಅನಿಸಲಿಲ್ಲ,0
ನೀವು ವಿಚಲಿತರಾಗುವ ದಿನಗಳಿವೆ ಎಂದು ನನಗೆ ತಿಳಿದಿದೆ,0
"ನಾನು ವಿಚಲಿತನಾಗಿದ್ದೇನೆ ಎಂದು ನಾನು ಭಾವಿಸುತ್ತೇನೆ, ನನ್ನ ಕಣ್ಣುಗಳನ್ನು ಸಾಧ್ಯವಾದಷ್ಟು ಮುಚ್ಚಿ ಅಭ್ಯಾಸ ಮಾಡುತ್ತೇನೆ",0
ಪ್ರತ್ಯುತ್ತರವು ಸಾಕಷ್ಟು ಸೂಕ್ತವೆಂದು ತೋರುತ್ತದೆ ಮತ್ತು ಉತ್ತರವನ್ನು ಸ್ವೀಕರಿಸುವ ವ್ಯಕ್ತಿಯು ಮನನೊಂದಿಸುವುದಿಲ್ಲ ಎಂದು ಖಚಿತಪಡಿಸಿಕೊಳ್ಳಲು ನಾನು ನನ್ನ ಪ್ರತ್ಯುತ್ತರಗಳನ್ನು ನನ್ನ ಮನಸ್ಸಿನಲ್ಲಿ ಮತ್ತೆ ಮತ್ತೆ ಪರಿಷ್ಕರಿಸಬೇಕು,0
ನನಗೆ ಖಚಿತವಾಗಿದೆ ಏಕೆಂದರೆ ನಾನು ಕಳೆದುಹೋದಾಗ ಎಲ್ಲರೂ ನನ್ನ ಕಡೆಗೆ ಹಗೆತನ ತೋರುತ್ತಿದ್ದಾರೆ ಮತ್ತು ನಾನು ಆ ಭಾವನೆಯನ್ನು ದ್ವೇಷಿಸುತ್ತೇನೆ,0
ಐಡಿ ನನ್ನನ್ನು ಗೇರ್‌ಗೆ ಒದೆಯುತ್ತೇನೆ ಆದರೆ ಯಾವುದೇ ಪ್ರೇರಣೆಯಿಲ್ಲದೆ ನಾನು ಕಿರಿಕಿರಿಯನ್ನು ಅನುಭವಿಸುತ್ತೇನೆ,0
ನಾನು ಅಸಮಾಧಾನವನ್ನು ಅನುಭವಿಸಲು ಪ್ರಾರಂಭಿಸುತ್ತೇನೆ,0
ನನ್ನ ಜೀವನದ ಪ್ರತಿದಿನದಂತೆ ನಾನು ತುಂಬಾ ಫಕ್ ಆಗಿದ್ದೇನೆ,0
ನನಗೆ ಹುಚ್ಚು ಹಿಡಿದಂತಿದೆ,0
ನಾನು ಇನ್ನೂ ಗಮನ ಹರಿಸುತ್ತಿದ್ದೇನೆ ಆದರೆ ನಾನು ವಿಚಲಿತನಾಗಿದ್ದೇನೆ,0
ನಾನು ನನ್ನ ಸ್ವಂತ ಮನಸ್ಸನ್ನು ಹೊಂದಿದ್ದೇನೆ ಮತ್ತು ನನ್ನ ಮನಸ್ಸು ನನ್ನ ಜೀವನಕ್ಕೆ ಅಪಾಯಕಾರಿ ಎಂದು ನಾನು ಭಾವಿಸುತ್ತೇನೆ,0
ಶೀಘ್ರದಲ್ಲೇ ಸ್ನೇಹಿತರೊಂದಿಗೆ ಹ್ಯಾಂಗ್ ಔಟ್ ಮಾಡಲು ಬಯಸುತ್ತೇನೆ!,1
"ನಾನು ಬೆಳಿಗ್ಗೆ ೭ ಗಂಟೆಗೆ ಏಕೆ ಎಚ್ಚರವಾಗಿದ್ದೇನೆ ಎಂದು ಆಶ್ಚರ್ಯ ಪಡುತ್ತಿದ್ದೇನೆ, ಹೊಸ ಹಾಡನ್ನು ಬರೆಯುತ್ತಿದ್ದೇನೆ, ನನ್ನ ದುಷ್ಟ ರಹಸ್ಯ ಸಂಚುಗಳನ್ನು ಮುವಾಹಹಹಹ... ಅಯ್ಯೋ ಅಯ್ಯೋ, ಇನ್ನು ಮುಂದೆ ಗುಟ್ಟಾಗಿ ಉಳಿದಿಲ್ಲ",1
ಹ್ಞಾಂ ಇನ್ನೂ ಉತ್ತಮ ದಿನ... ಇಲ್ಲಿಯವರೆಗೆ! ಇದು ಇನ್ನೂ ಸಾಕಷ್ಟು ಮುಂಚಿತವಾಗಿದೆ. ,1
 ನೀವು ಅದ್ಭುತ ಹಾಹಾ. ಕೆನಡಾಕ್ಕೆ ಬನ್ನಿ ನೀವು ಪ್ರದರ್ಶನ ನೀಡುವುದನ್ನು ನೋಡಲು ಏನು ಬೇಕಾದರೂ ಮಾಡಬಹುದು!,1
"ತುಂಬಾ ಸಂತೋಷದ ಊಟವು ಉತ್ತಮ, ಮುದ್ದಾದ ಸಣ್ಣ ಸ್ಥಳವಾಗಿತ್ತು.  ",1
"ಡ್ಯೂಡ್, ಅದು ನನ್ನ ನೆಚ್ಚಿನ ಸ್ಯಾಂಡ್ ವಿಚ್ ಸ್ಥಳ. ನೀವು ಚಿತ್ರಗಳನ್ನು ತೆಗೆದುಕೊಂಡಿದ್ದೀರಾ?",1
"ಸರಿಯಾದ! ನಾನು ಅವನನ್ನು ಆರಾಧಿಸುತ್ತೇನೆ. ನಾನು ಅವನನ್ನು ಎತ್ತಿಕೊಂಡು ನನ್ನ ತೋಳಿನ ಕೆಳಗೆ ಇಟ್ಟೆ, ಅವನು ಅಳುತ್ತಿದ್ದನು.  ಈಗ ಎಲ್ಲವೂ ಉತ್ತಮವಾಗಿದೆ! ಹ್ಹಹಹ್ಹಾ",1
ಉತ್ತಮವಾಗಿದೆ. ಈ ಸಲಹೆಯನ್ನು ಶ್ಲಾಘಿಸಿ. ಈಗ ಒಂದು ವಾರವಾಗಿದೆ ಮತ್ತು ನಾವು ಇನ್ನೂ ಮರುಪಾವತಿಯನ್ನು ಕೇಳಲು ಆಫ್ ಲೈನ್ ಸಮಯ ...,1
ಕ್ಯಾಲಿಗಾಗಿ ಪ್ಯಾಕ್ ಮಾಡಬೇಕಾಗಿದೆ! ಕಾಯಲು ಸಾಧ್ಯವಿಲ್ಲ! ನನ್ನ ವಾರಾಂತ್ಯದ ರಜೆಯನ್ನು ಆಚರಿಸಲು ಒಂದು ಲೋಟ ವೈನ್ ಎಂದು ಯೋಚಿಸುತ್ತಿದ್ದೇನೆ. ,1
ನಾನು ಅದನ್ನು ಪ್ರೀತಿಸುತ್ತೇನೆ. ಯಮ್ಮಿ ಪಿಜ್ಜಾ .  ನಾನು ರಜೆಯನ್ನು ಪ್ರೀತಿಸುತ್ತೇನೆ.,1
ಧನ್ಯವಾದಗಳು! ನೀವು ಉತ್ತಮ ಸ್ನೇಹಿತರು,1
 ನಾನು ಮೆಮೊವನ್ನು ಪಡೆಯಲಿಲ್ಲ ಇದು ಅದ್ಭುತವಾಗಿ ಕಾಣುತ್ತದೆ.,1
ನಾನು ನಿನ್ನನ್ನು ತುಂಬಾ ನೆನೆಸಿಕೊಳ್ಳುತ್ತೇನೆ! ನಾವು ಯಾವಾಗಲಾದರೂ ಭೇಟಿಯಾಗೋಣವೇ?,1
"ಕ್ಯಾಲಿಫೋರ್ನಿಯಾದ ವಿಂಟೇಜ್ ನಿಂದ ನೀವು ಅವುಗಳನ್ನು ಪಡೆದುಕೊಂಡಿದ್ದೀರಾ? ಅವರು ಅತ್ಯುತ್ತಮ ಉಡುಪುಗಳನ್ನು ಹೊಂದಿದ್ದಾರೆ, ನಾನು ಅವುಗಳನ್ನು ಬಯಸುತ್ತೇನೆ ಆದರೆ ನನ್ನ ಬಳಿ ಇಬೇ ಇಲ್ಲ",1
 ಇದು ಸ್ವತಃ ತುಂಬಾ ಒಳ್ಳೆಯ ಟಿಪ್ಪಣಿಯಾಗಿದೆ!,1
ನಾನು ಆಟವನ್ನು ತಪ್ಪಿಸಿಕೊಂಡೆ. ಅದು ಅದ್ಭುತವಾಗಿ ಹೋಯಿತು ಎಂದು ಕೇಳಿದೆ!,1
ಇಂದಿನ ಪರೀಕ್ಷೆಯಲ್ಲಿ ನಾನು ನಿಜವಾಗಿಯೂ ಉತ್ತಮವಾಗಿ ಕಾರ್ಯನಿರ್ವಹಿಸಿದೆ!,1
"ಸಂಗೀತ ಕಛೇರಿ ಅದ್ಭುತವಾಗಿತ್ತು, ಮ್ಯಾಡ್ರಿಗಲ್ ಗಳು ನನಗೆ ಬಹುತೇಕ ಪ್ರತಿಯೊಂದು ತುಣುಕಿನ ಮೇಲೆ ಚಳಿಯನ್ನು ನೀಡಿದರು... ಬ್ರೂಕ್ಸ್ ಹಳೆಯ ವಿದ್ಯಾರ್ಥಿಗಳಿಗೆ ಕರೆ ಮಾಡಿದರು, ಆದರೆ ನಾನು ಹೋಗಲು ಸಾಧ್ಯವಾಗಲಿಲ್ಲ",1
"ನಾನು ಸುಮಾರು ಒಂದು ಗಂಟೆಗಳ ಕಾಲ ಟ್ರೆಡ್ ಮಿಲ್ ನಲ್ಲಿ ನಡೆದೆ, ಸಂಪೂರ್ಣವಾಗಿ ಬೆವರಿದೆ ಆದರೆ ನನಗೆ ಆಶ್ಚರ್ಯವಾಗುತ್ತಿದೆ!",1
ನನ್ನ ಸ್ನೇಹಿತರೊಂದಿಗೆ ಆನಂದಿಸುತ್ತಿದ್ದೇನೆ! ಹುಡುಗಿಯರ ಸಮಯ!,1
 ಅದು ಅದ್ಭುತವಾಗಿದೆ! ಈ ವಾರಾಂತ್ಯದಲ್ಲಿ ನಾವು ಅದನ್ನು ಹೊಂದಿದ್ದೇವೆ. ಇದು ತುಂಬಾ ವಿನೋದಮಯವಾಗಿರಬೇಕು. ಹೋಗೋಣ!,1
"ಪಾರ್ಟಿ ಅದ್ಭುತವಾಗಿತ್ತು!! ತುಂಬಾ ಎಂಜಾಯ್ ಮಾಡಿದೆ, ನಾನು ನನ್ನ ಹಳೆಯ ಶಾಲಾ ಸ್ನೇಹಿತನನ್ನು ಸಹ ಭೇಟಿಯಾದೆ!",1
ನಾನು ಮುದ್ದಾದ ಹುಡುಗಿಯನ್ನು ಭೇಟಿಯಾದೆ. ಒಳ್ಳೆಯ ಸಂಭಾಷಣೆ.,1
ಇಂಗ್ಲಿಷ್ ಕ್ಲಾಸ್! ಸಂವಾದಾತ್ಮಕ ಮೌಖಿಕಗಳ ಮೇಲೆ ಕೆಲಸ ಮಾಡುವುದು,1
ನನಗೆ ತುಂಬಾ ಸಂತೋಷವಾಗಿದೆ ನಾನು ಹಾಡಬೇಕೆಂದು ಭಾವಿಸುತ್ತೇನೆ,1
 ಹಾಡನ್ನು ಪ್ರೀತಿಸಿ!,1
ನಾನು ಈ ಬೇಸಿಗೆಯಲ್ಲಿ ಪೆರುವಿಗೆ ಹೋಗಲು ಬಯಸುತ್ತೇನೆ! ,1
ನಾನು ಮತ್ತೊಂದು ಹಚ್ಚೆಯನ್ನು ಪಡೆಯಲು ಬಯಸುತ್ತೇನೆ!,1
ಅಮ್ಮ ನನಗೆ ಕೆಲಸ ಸಿಕ್ಕಿತು! ,1
ಪಗ್ ನನ್ನನ್ನು ನಂಬಲಾಗದ ನಿದ್ರೆಯಿಂದ ಎಬ್ಬಿಸಿದನು!,1
ನಿಮ್ಮ ಹೊಸ ಆಲ್ಬಂ ಕೇಳಲು ನಾನು ಕಾಯಲು ಸಾಧ್ಯವಿಲ್ಲ. ನನಗೆ ಖಂಡಿತವಾಗಿಯೂ ಅದ್ಭುತವಾಗಿರುತ್ತದೆ.ದಯವಿಟ್ಟು ನನಗೆ ರೀಪ್ಲೇ ಮಾಡಿ ನಾನು ನಿಮ್ಮನ್ನು ತುಂಬಾ ಪ್ರೀತಿಸುತ್ತೇನೆ!!!!,1
 ನಾವು ಎಂದಿಗೂ ಹ್ಯಾಂಗ್ ಔಟ್ ಆಗಲಿಲ್ಲ ನಾನು ಚಿಕಾಗೋವನ್ನು ಪ್ರೀತಿಸುತ್ತೇನೆ ಮತ್ತು ಶಾಪಿಂಗ್ ಗೆ ಹೋಗಲು ಬಯಸುತ್ತೇನೆ ... ಆದ್ದರಿಂದ ಪ್ರವಾಸವು ವಿನೋದದಂತೆ ತೋರುತ್ತದೆ,1
ಸ್ವತಃ ಮಾತನಾಡಲು ಟ್ವಿಟರ್ ಅತ್ಯುತ್ತಮ ಅಪ್ಲಿಕೇಶನ್ ಆಗಿದೆ ಹಾಹಾ,1
"ನಾನು ಏನನ್ನಾದರೂ ಚಿತ್ರಿಸುತ್ತಿದ್ದೇನೆ, ಮತ್ತು ಅದು ಚೆನ್ನಾಗಿ ಕಾಣುತ್ತದೆ, ಸ್ವಲ್ಪ ಸಮಯದ ನಂತರ ಮಾಡಲಾಗುವುದು!",1
ನಾನು ಈಗ ಅಪ್ಲೋಡ್ ಮಾಡಿದ ಚಿತ್ರಗಳು ನನ್ನ ಬೆಕ್ಕುಗಳ ಬೇಬಿ ಚಿತ್ರಗಳು. ಮಿಸ್ಸಿ ಈಗ ವಯಸ್ಕ ಮತ್ತು ಸುಂದರವಾದ ಸಣ್ಣ ಕಿಟ್ಟಿ,1
ಡೆಮಿ ಲೊವಾಟೊ ನಿಮ್ಮನ್ನು ತುಂಬಾ ಪ್ರೀತಿಸುತ್ತಾರೆ!!!,1
ವನೆಸ್ಸಾಗೆ ಸೆಪ್ಟೆಂಬರ್ ನಲ್ಲಿ 3 ವರ್ಷ!,1
"ಗುಡ್ ಮಾರ್ನಿಂಗ್, ದೇವರು ನಿಮ್ಮನ್ನು ಆಶೀರ್ವದಿಸಲಿ",1
ನನ್ನ ಪುಟ್ಟ ಸಾಕು ಬೆಕ್ಕಿನ ಮರಿಗಳು ದೊಡ್ಡದಾಗುತ್ತಿವೆ... ಚಬ್ಬಾ ಮತ್ತು ವಿನ್ ಸ್ಟನ್ 2 ವರ್ಷ ಹೋಗುತ್ತಿದ್ದಾರೆ! ಅವರು ತುಂಬಾ ಮುದ್ದಾಗಿದ್ದಾರೆ!,1
ಅದೊಂದು ಸೂಪರ್ ಆಟವಾಗಿತ್ತು! ಡೆರಿಕ್ ಕೊನೆಯದನ್ನು ಕಳೆದುಕೊಂಡಿದ್ದಾನೆ ಎಂದು ನಂಬಲು ಸಾಧ್ಯವಿಲ್ಲ,1
ಟ್ವಿಟ್ಟರ್ ನಲ್ಲಿ ನಿಮ್ಮಿಬ್ಬರನ್ನು ನೋಡುವುದನ್ನು ನಾನು ಆನಂದಿಸುತ್ತೇನೆ ಎಂದು ನನಗೆ ತಿಳಿದಿದೆ. ಕಾಮಿಕ್ ನಂತೆ ಮನರಂಜನೆಯ ಬಗ್ಗೆ.,1
ಹ್ಹಹಹ್ಹಾ! ಸರಿ..,1
ಯಾರಾದರೂ ನನ್ನನ್ನು LA ಗೆ ಕರೆದೊಯ್ಯುತ್ತಾರೆ ನಾನು ನಿಂಬೆ ಮರವನ್ನು ನೋಡಬೇಕು,1
ನನ್ನ ಸ್ನೇಹಿತರು ಎಷ್ಟು ಸುಂದರವಾಗಿ ಕಾಣುತ್ತಾರೆಂದು ನೋಡಿ! :),1
"ನಾನು ತುಂಬಾ ದಣಿದಿದ್ದೆ, ನನ್ನ ಗೆಳೆಯ ನನ್ನನ್ನು ಮನೆಗೆ ಒಯ್ದನು ಹಾಹಾ, ನಾನು ಅವನನ್ನು ತುಂಬಾ ಪ್ರೀತಿಸುತ್ತೇನೆ!",1
ಅದು ಒಂದು ಆಸಕ್ತಿದಾಯಕ ಪ್ರದರ್ಶನವಾಗಿತ್ತು! ,1
"ನನ್ನ ಅತ್ಯುತ್ತಮ ಸ್ನೇಹಿತ ಮತ್ತು ನಾನು ರಾತ್ರಿಯಿಡೀ ಹಾಡುಗಳನ್ನು ಕೇಳುತ್ತಿದ್ದೆವು, ಚಲನಚಿತ್ರಗಳನ್ನು ನೋಡುತ್ತಿದ್ದೆವು ಮತ್ತು ನೃತ್ಯ ಮಾಡುತ್ತಿದ್ದೆವು!",1
"ಇಷ್ಟ ಪಡುತ್ತೇನೆ! ಅಂದಹಾಗೆ, ಈ ವಾರ ಹೋಗಲು ನನಗೆ ಸಮಯವಿರಲಿಲ್ಲ, ಕ್ಷಮಿಸಿ! ಮುಂದಿನ ವಾರ ಖಂಡಿತವಾಗಿಯೂ!",1
ನನ್ನ ಚಿಕ್ಕಮ್ಮ ನನ್ನ ಹುಟ್ಟುಹಬ್ಬಕ್ಕಾಗಿ ನನಗೆ ತುಂಬಾ ಸುಂದರವಾದ ಉಡುಪನ್ನು ಉಡುಗೊರೆಯಾಗಿ ನೀಡಿದರು!,1
ಆನಂದಿಸಿ! ನಾನು ನಿಮ್ಮನ್ನು ತುಂಬಾ ಮಿಸ್ ಮಾಡಿಕೊಳ್ಳುತ್ತೇನೆ!,1
ಅವನು ತುಂಬಾ ಸುಂದರವಾದ ವಾವ್,1
 ಉಡಾವಣೆ ಅದ್ಭುತವಾಗಿತ್ತು! ತುಂಬಾ ಉಚಿತ ವಿಷಯ ಹಾಹಾ. ಎಡ್ಜ್ ಮತ್ತು ಟೆಲಿಕಾಂಗೆ ಧನ್ಯವಾದಗಳು! ನನಗೆ ಬೇಕಾದ ಫೋನ್ ಸಿಕ್ಕಿದೆ...,1
 ಫ್ಲೀಟ್ವುಡ್ ನನ್ನ ನೆಚ್ಚಿನ ಬ್ಯಾಂಡ್... ಅವರನ್ನು ಪ್ರೀತಿಸಿ ,1
ನಾನು ನೆಟ್ಫ್ಲಿಕ್ಸ್ನಲ್ಲಿ ಟಿವಿ ಸರಣಿಯನ್ನು ನೋಡಿದೆ ಇದು ತುಂಬಾ ಅದ್ಭುತವಾಗಿತ್ತು!,1
" ಹ್ಹಾಹಾ ಓಹ್ ಮ್ಯಾನ್ ದಯವಿಟ್ಟು ಪೊಮೊನಾಗೆ ಬನ್ನಿ, ನಾನು ವರ್ಷಕ್ಕೊಮ್ಮೆಯಂತೆ ನಿಮ್ಮನ್ನು ನೋಡುವ ಬದಲು ಪ್ರತಿದಿನ ನಿಮ್ಮನ್ನು ನೋಡಲು ಇಷ್ಟಪಡುತ್ತೇನೆ ",1
ಆ ಸೀರೆಯಲ್ಲಿ ನೀವು ತುಂಬಾ ಸುಂದರವಾಗಿ ಕಾಣುತ್ತಿದ್ದೀರಿ!,1
"ಅರಿಯಾನಾ ಅವರ ಹಾಡು - ಕಳೆದ ಕ್ರಿಸ್ ಮಸ್ ನಲ್ಲಿ ನಾನು ನಿಮಗೆ ನನ್ನ ಹೃದಯವನ್ನು ನೀಡಿದ್ದೇನೆ!, ಇನ್ನೂ ನನ್ನ ಹೃದಯದಲ್ಲಿದೆ ಹಾಹಾ",1
ಇಂದು ಹೊಸ ಪುಸ್ತಕ ಬಿಡುಗಡೆ! ಅದನ್ನು ಓದಲು ಕಾಯಲು ಸಾಧ್ಯವಿಲ್ಲ! ನಾನು ತುಂಬಾ ಉತ್ಸುಕನಾಗಿದ್ದೇನೆ,1
ಹತ್ತಿರದ ಮರದಿಂದ ನಾನು ಕೋಗಿಲೆಯನ್ನು ಕೇಳಬಹುದು. ಅಂತಹ ಆಹ್ಲಾದಕರ ದಿನ,1
ಓಹ್ ಅದು ತುಂಬಾ ತಮಾಷೆಯಾಗಿತ್ತು!,1
"ಚಲನಚಿತ್ರದಲ್ಲಿ, ಅವರು ಬೆಳದಿಂಗಳ ಕೆಳಗೆ ಚುಂಬಿಸಿದರು!",1
"ನಾನು ಇಂದು ನನ್ನ ಶಾಲೆಯಲ್ಲಿ ಸುಂದರವಾದ ಹುಡುಗಿಯನ್ನು ನೋಡಿದೆ, ನಾನು ಪ್ರೀತಿಸುತ್ತಿದ್ದೇನೆ ಎಂದು ನಾನು ಭಾವಿಸುತ್ತೇನೆ!",1
ನನ್ನ ತಂಗಿ ಭಾರತಕ್ಕೆ ಮರಳುತ್ತಿದ್ದಾಳೆ! ನಾನು ಅವಳನ್ನು ತುಂಬಾ ಮಿಸ್ ಮಾಡಿಕೊಂಡೆ!,1
"ಈಗಾಗಲೇ ವಿಮಾನಗಳನ್ನು ಕಾಯ್ದಿರಿಸಲಾಗಿದೆ, ನಾವು ಬಾಲಿಗೆ ಭೇಟಿ ನೀಡುತ್ತಿದ್ದೇವೆ!!",1
ನಾನು ಟೇಕ್ವಾಂಡೊಗೆ ಹೋಗಲು ಬಯಸುತ್ತೇನೆ,1
ನಾನು ಮಕ್ಕಳೊಂದಿಗೆ ಕಣ್ಣಾಮುಚ್ಚಾಲೆ ಆಡಿದೆ ,1
ಅಲೌಕಿಕತೆಯ ಹೊಸ ಸಂಚಿಕೆಯಾದ ಭಾನುವಾರದವರೆಗೆ ನಾನು ಕಾಯಲು ಸಾಧ್ಯವಿಲ್ಲ ಆದರೆ ಈಗ ಕೇವಲ 6 ಎಪಿಸೋಡ್ ಗಳು ಮಾತ್ರ ಉಳಿದಿವೆ,1
ಈಗಷ್ಟೇ ಎಚ್ಚರವಾಯಿತು! ಇದು ಒಂದು ಮಧುರವಾದ ಮುಂಜಾನೆ. ,1
 ಯುಗಯುಗಗಳಿಂದ ನಿಮ್ಮೊಂದಿಗೆ ಮಾತನಾಡಿಲ್ಲ ಗೆಳೆಯ!  ನಿಮ್ಮ ಅತ್ಯುತ್ತಮ ಸ್ನೇಹಿತನ ಬಗ್ಗೆ ಮರೆಯಬೇಡಿ ಹಾಹಾ ಲವ್ ಯಾ,1
ನೀವು ನಿಮ್ಮ ಸ್ನೇಹಿತರನ್ನು ಕಳೆದುಕೊಳ್ಳುತ್ತಿದ್ದೀರಾ? ಇದಕ್ಕೆ &ಕೇಳು; ಮನಸೆಲ್ಲಮ್ &ಉಲ್ಲೇಖ; ಕುಲಿರ್ ೧೦೦ ಡಿಗ್ರಿ ಚಲನಚಿತ್ರದಿಂದ. ಅದರ ಅದ್ಭುತ !!!  ನನ್ಬರ್ಗಲೆ - ಮಿಸ್ ಯೂ ಗೈಸ್ !!!,1
ನನ್ನ ಡಿವಿಆರ್ ಅನ್ನು ತೆರವುಗೊಳಿಸಬೇಕು... ಅದನ್ನು ತೊಲಗಿಸುವುದು.,1
ನೀವು LA ನಲ್ಲಿ ಇನ್ನೊಂದನ್ನು ಪಡೆದಿರುವುದಕ್ಕೆ ತುಂಬಾ ಸಂತೋಷವಾಗಿದೆ!  ,1
ಆದ್ದರಿಂದ ನಾಯಿಮರಿ ಬಂದಿತು ಮತ್ತು ಅವಳು ನನ್ನ ಮೇಲೆ ನಿದ್ರೆಗೆ ಜಾರಿದಳು,1
ಎಲ್ಲರಿಗೂ ಸ್ವಾಗತ!,1
"ನನ್ನ ಎಲ್ಲಾ ಸ್ನೇಹಿತರಿಗೆ, ನಾನು ಚಲಿಸುತ್ತಿದ್ದೇನೆ ಎಂದು ವಿಷಾದಿಸುತ್ತೇನೆ, ನಾನು ನಿಮ್ಮೆಲ್ಲರನ್ನೂ ತುಂಬಾ ಮಿಸ್ ಮಾಡಿಕೊಳ್ಳುತ್ತೇನೆ! ಸಂಪರ್ಕದಲ್ಲಿರಿ, ನಿಮ್ಮೆಲ್ಲರನ್ನೂ ಪ್ರೀತಿಸಿ",1
ಮಗು ಜನಿಸಿತು ಮತ್ತು ಇಡೀ ನೆರೆಹೊರೆಯವರು ಸಂಭ್ರಮಿಸಿದರು. ಅಂತಹ ಸುಂದರವಾದ ದೃಶ್ಯ,1
@allyycase ಸ್ಯೂರೆ,1
ಕಾಫಿ ನಿಜವಾಗಿಯೂ ರುಚಿಕರವಾಗಿದೆ,1
ನಾನು ಇಂದು ಮನೆಯಲ್ಲಿಯೇ ಇದ್ದೆ ಮತ್ತು ಬಿಸಿ ಚಾಕೊಲೇಟ್ ಕುಡಿಯುವಾಗ ಟಿವಿ ನೋಡಿದೆ,1
ನನ್ನ ಕೆಲಸದಿಂದ ತುಂಬಾ ತೃಪ್ತಿಯಾಗಿದೆ!,1
ಆಹ್ ಅದು ಉತ್ತಮ ಹಿಮ ಗಸ್ತು! ಈಗ ಮನೆಯೊಳಗೆ ಸಿಕ್ಕಿಹಾಕಿಕೊಳ್ಳಲು ಇನ್ನೂ ವಾರಾಂತ್ಯ ಬರುತ್ತಿದೆ ಮತ್ತು ತಾಜಾ ಗಾಳಿ ಅತ್ಯುತ್ತಮ ಭರವಸೆ ಅದರ ಬಿಸಿಲು!,1
ಗುಡ್ ಮಾರ್ನಿಂಗ್ ಮೈ ಲವ್ಲಿ ಟ್ವಿಟ್ಟರ್! ನೀವೆಲ್ಲರೂ ಹೇಗಿದ್ದೀರಿ?,1
"ಬೇಗನೆ ಮತ್ತೆ ಮಾಡಲು ಹೊರೆಯಾಗುತ್ತದೆ- ಆದರೆ ಸೂರ್ಯನು ಹೊರಗೆ ಹೋಗುತ್ತಾನೆ, ಹುರ್ರೇ!",1
 ಬೇಬ್ಸ್ ಇದು ತುಂಬಾ ವಿನೋದಮಯವಾಗಿತ್ತು!!  ಅದನ್ನು ಸಾಧ್ಯವಾಗಿಸಿದ್ದಕ್ಕಾಗಿ ನಿಮಗೆ ತುಂಬಾ ಧನ್ಯವಾದಗಳು!  ಹೆಂಗಸರೊಂದಿಗೂ ಎಂಜಾಯ್ ಮಾಡಿದೆ!  ಸಮಯವು ಉಪವಾಸಕ್ಕೆ ಹೋಯಿತು.,1
"ನಾನು ಇಂದು ಶಾಪಿಂಗ್ ಗೆ ಹೋಗಿದ್ದೆ, ಕೆಲವು ನಿಜವಾಗಿಯೂ ಮುದ್ದಾದ ಟಾಪ್ ಗಳನ್ನು ಖರೀದಿಸಿದೆ ",1
ನಾನು ಕೇವಲ 2 ಗಂಟೆಗಳ ಕಾಲ ಟಿಎಫ್ 2 ಅನ್ನು ಆಡಿದೆ ಮತ್ತು ನಾನು ಪ್ರಾರಂಭಿಸಿದಾಗ ನಾನು ಅದರಲ್ಲಿ ಉತ್ತಮವಾಗಿದ್ದೇನೆ ಎಂದು ನಾನು ಭಾವಿಸುವುದಿಲ್ಲ.,1
ನಾನು ಕುಡಿದು ಪ್ರೀತಿಸಲು ಬಯಸುತ್ತೇನೆ,1
 ಇಂದು ರಾತ್ರಿ ಒಂದು ಸಣ್ಣ ಕುಟುಂಬ ಪಾರ್ಟಿ ಅದು ಚೆನ್ನಾಗಿ ಹೋಗುತ್ತದೆ ಎಂದು ಆಶಿಸುತ್ತೇವೆ,1
ಹೇಯ್ ನಾನು ಈಗ ನಿಮ್ಮನ್ನು ತಬ್ಬಿಕೊಳ್ಳುತ್ತೇನೆ!,1
ಈಗಷ್ಟೇ ಎದ್ದು ಮೆಡೋಹಾಲ್ ಗೆ ಹೋಗಲು ಸಿದ್ಧರಾಗಲು ;) ನಿನ್ನೆ ನನ್ನ ಇಂಟರ್ನೆಟ್ ಮುರಿದಿದೆ ಎಂದು ನಂಬಲು ಸಾಧ್ಯವಿಲ್ಲ ,1
ಸಂಗೀತವನ್ನು ಪ್ರೀತಿಸುತ್ತೇನೆ.ನಾನು ಲೈವ್ ಆಕ್ಷನ್ ಅನ್ನು ನೋಡಬಹುದೆಂದು ಬಯಸುತ್ತೇನೆ ಆದರೆ ಸಾಕಷ್ಟು ವಯಸ್ಸಾಗಿಲ್ಲ,1
ರಜಾದಿನಗಳ ಸಮಯ!,1
ನಾನು ರೊಟ್ಟಿ ಮೇಲೋಗರವನ್ನು ಪ್ರೀತಿಸುತ್ತೇನೆ,1
ಸುಂದರವಾದ ಮನೆ,1
ಹಳೆಯ ಚಿತ್ರಗಳನ್ನು ನೋಡಿ... ನಾನು ಅದನ್ನು ಪ್ರೀತಿಸುತ್ತೇನೆ ಮತ್ತು ಉತ್ತಮ ಓಲ್ ದಿನಗಳನ್ನು ಕಳೆದುಕೊಳ್ಳುತ್ತೇನೆ,1
ಟ್ರೆಕ್ಕಿಂಗ್ ಗೆ ಹೋದರು. ಸುಂದರವಾದ ಸೂರ್ಯಾಸ್ತವನ್ನು ನೋಡಿದೆ!,1
ಮಿನಿಶ್ ಕ್ಯಾಪ್ ಅನ್ನು ಈಗಷ್ಟೇ ಮುಗಿಸಿದೆ. ಅದೊಂದು ಅದ್ಭುತ ಆಟ! ನಾನು ಎಜ್ಲೋ ಮತ್ತು ಲಿಂಕ್ ಅನ್ನು ಮಿಸ್ ಮಾಡಿಕೊಳ್ಳುತ್ತೇನೆ.,1
ಇಂದು ಕಡಲತೀರದಲ್ಲಿ ತುಂಬಾ ಮೋಜು!  ಮತ್ತು ರುಚಿಕರವಾದ ಭೋಜನ ,1
ಸಂಗೀತ ಕಛೇರಿಯನ್ನು ಮತ್ತೆ ನೋಡಲು ಸಮಯ ಯಂತ್ರವನ್ನು ನಾನು ನಿಜವಾಗಿಯೂ ಬಯಸುತ್ತೇನೆ ... ಇದು ತುಂಬಾ ವಿನೋದಮಯವಾಗಿತ್ತು...,1
ಸ್ಯಾಂಡ್ ವಿಚ್ ಮತ್ತು ಪಿಕ್ನಿಕ್ ರೀತಿಯ ದಿನ,1
ಹ್ಹಾಹಾ ಹೌದು ನಾನು ಅದನ್ನು ನೋಡುತ್ತೇನೆ.,1
ಜೇ ಲೆನೊ ಅವರ 2 ನೇ ಕೊನೆಯ ಟುನೈಟ್ ಶೋವನ್ನು ನೋಡಿದಾಗ ನಾನು ಲೆನೊ ಇಲ್ಲದೆ ನಾಲ್ಕು ವರ್ಷಗಳಲ್ಲಿ ಒಂದು ದಿನವೂ ಹೋಗಿಲ್ಲ.,1
 ಕ್ರಿಪ್ಟಾನ್ ನ ಆಡಿಯೋ ಪುಸ್ತಕದ ಲಾಸ್ಟ್ ಡೇಸ್ ಆಲಿಸುವುದನ್ನು ಮುಗಿಸಿದೆ! ಅದನ್ನು ಇಷ್ಟಪಟ್ಟೆ!,1
ನನಗೆ ಕ್ಯಾಂಡಿ ಬೇಕು!!!,1
ನಾನು ಸಾಹಸಮಯ ಗೆಳೆಯನಿಗೆ ಹೋಗಲು ಬಯಸುತ್ತೇನೆ!,1
ಅಂತಿಮವಾಗಿ ನನ್ನ ಆನ್ ಲೈನ್ ಸ್ನೇಹಿತನನ್ನು ಭೇಟಿಯಾದೆ! ಅವರು ನನಗೆ ತುಂಬಾ ಒಳ್ಳೆಯವರಾಗಿದ್ದರು!,1
"ದೊಡ್ಡ ಹಬ್ಬದ ಮಾರಾಟ ಇಲ್ಲಿದೆ, ಯಾರಾದರೂ ನನಗೆ ಹಣ ನೀಡಿ ಹಹಾ",1
ಹ್ಹಾಗಿಂತ ಮೊದಲು ನಾನು ಅಲ್ಲಿಗೆ ಹೋಗಿದ್ದೆ,1
ನನ್ನ ಶಾಂಪೂ ಸ್ಟ್ರಾಬೆರಿ ಮತ್ತು ತೆಂಗಿನಕಾಯಿಯಂತೆ ವಾಸನೆ ಬೀರುತ್ತದೆ. ನಾನು ಅದನ್ನು ಪ್ರೀತಿಸುತ್ತೇನೆ,1
"ಈಗ ಮನೆಗೆ ಹೋಗು, ಏಯ್! ಊಟದೊಂದಿಗೆ ಕುಡಿಯಲು ಹೆಚ್ಚು ಅಗತ್ಯವಿರುವ ವೈನ್ ಬಾಟಲಿಯನ್ನು ಖರೀದಿಸಲು ಹೊರಟಿದ್ದೆ!",1
"ಈ ವ್ಯಕ್ತಿ ತುಂಬಾ ಅದ್ಭುತ, ಅವನು ತುಂಬಾ ಮುದ್ದು, ಮತ್ತು ಅವನು ನನಗೆ ಒಂದು ಫೋಟೋವನ್ನು ಕಳುಹಿಸಿದನು! ",1
ಹುಡುಗರೇ ನಾನು ಇಂದು ನನ್ನ ನಕ್ಷತ್ರ ಚಿಹ್ನೆಯ ನಕ್ಷತ್ರಪುಂಜವನ್ನು ನೋಡಿದೆ. ನಾನು ತುಂಬಾ ವಿಶೇಷವೆಂದು ಭಾವಿಸುತ್ತೇನೆ!,1
 ನೀವು ಶನಿವಾರ ರಾತ್ರಿ ಕ್ಲಬ್ ಹಿಡನ್ ಹೌಸ್ ಗೆ ಹೋಗಲು ಬಯಸುವಿರಾ ಎಂದು ನಾನು ನಿಮ್ಮನ್ನು ಕೇಳಲು ಹೋಗುತ್ತಿದ್ದೆ. ಹೆಹೆ.,1
ನನ್ನ ನಾಯಿ ಮತ್ತು ನೆರೆಹೊರೆಯವರ ಬೆಕ್ಕು ಈಗ ಉತ್ತಮ ಸ್ನೇಹಿತರು,1
ಅವರು ಕೆಲವೇ ದಿನಗಳಲ್ಲಿ ಹೊಸ ಹಾಡು ಮತ್ತು ಕಾನ್ಸೆಪ್ಟ್ ಫೋಟೋಗಳನ್ನು ಬಿಡುಗಡೆ ಮಾಡಲಿದ್ದಾರೆ!! ನಾನು ತುಂಬಾ ಉತ್ಸುಕನಾಗಿದ್ದೇನೆ,1
ನಾನು ನಿಜವಾಗಿಯೂ ಹಾಗ್ವಾರ್ಟ್ಸ್ ಗೆ ಹೋಗಲು ಬಯಸುತ್ತೇನೆ,1
"ನನ್ನ ಸೋದರಳಿಯ ನನ್ನನ್ನು ಬಿಡಲಿಲ್ಲ, ನಾನು ತುಂಬಾ ದಣಿದಿದ್ದೇನೆ ಆದರೆ ನಾವು ಮೋಜು ಮಾಡಿದ್ದೇವೆ ಹಾಹಾ",1
ನಾನು ಹೊಸ ಪಾತ್ರವನ್ನು ಇಷ್ಟಪಡುತ್ತೇನೆ,1
 ಮಗು. ನಾನು ನಿನ್ನನ್ನು ಪ್ರೀತಿಸುತ್ತೇನೆ!,1
ಹ್ಯಾಕಥಾನ್ ನಲ್ಲಿ ನಾನು ಮೊದಲ ಸ್ಥಾನವನ್ನು ಗೆದ್ದಿದ್ದೇನೆ!,1
ಕಷ್ಟಪಟ್ಟು ಕೆಲಸ ಮಾಡಿ ಮತ್ತು ವಿರಾಮಗಳನ್ನು ತೆಗೆದುಕೊಳ್ಳಲು ಮರೆಯಬೇಡಿ! ಈ ಸರಳ ನಿಯಮವನ್ನು ನಾವು ಅನುಸರಿಸಿದರೆ ನಾವೆಲ್ಲರೂ ಜೀವನದಲ್ಲಿ ಯಶಸ್ವಿಯಾಗುತ್ತೇವೆ! ,1
ಆಲ್ ದಿ ಬೆಸ್ಟ್!,1
ನಾನು ಸಿಹಿ ಮತ್ತು ಮಸಾಲೆಯುಕ್ತ ಆಹಾರ ಎರಡನ್ನೂ ಪ್ರೀತಿಸುತ್ತೇನೆ,1
ಈಗಷ್ಟೇ ಒಂದು ಹೊಸ ಫೋನ್ ಖರೀದಿಸಿದೆ,1
ಭಾನುವಾರದಂದು ನಾನು ಏಕೆ ಇಷ್ಟು ಬೇಗ ಏಳಬೇಕು?! ,1
"ನನ್ನ ಸಹೋದರ ಪಿಜ್ಜಾವನ್ನು ಸುಟ್ಟುಹಾಕಿದನು, ಆದ್ದರಿಂದ ನಾನು ಕೇವಲ ಒಂದು ಹಹಾವನ್ನು ಆರ್ಡರ್ ಮಾಡಿದೆ",1
ಒಂದು ವರ್ಷಕ್ಕಿಂತ ಕಡಿಮೆ ಅವಧಿಯಲ್ಲಿ ಪದವೀಧರರಾಗಲಿದ್ದಾರೆ! ಕಾಲೇಜು ಮತ್ತು ಸ್ನೇಹಿತರನ್ನು ಕಳೆದುಕೊಳ್ಳಲು ಹೋಗುವುದು. ಆದರೆ ನನ್ನ ವೃತ್ತಿಜೀವನವನ್ನು ಪ್ರಾರಂಭಿಸಲು ಸಂತೋಷವಾಗಿದೆ ,1
ನಾನು ಕೆಲವು ಒಳ್ಳೆಯ ಚಲನಚಿತ್ರವನ್ನು ನೋಡಲು ಬಯಸುತ್ತೇನೆ! ಯಾವುದಾದರೂ ಶಿಫಾರಸುಗಳು?,1
ನಾನು ನನ್ನ ಅಜ್ಜಿಯನ್ನು ಮಿಸ್ ಮಾಡಿಕೊಳ್ಳುತ್ತಿದ್ದೇನೆ. ನಾನು ಅವಳನ್ನು ತುಂಬಾ ಪ್ರೀತಿಸುತ್ತೇನೆ,1
ಎಲ್ಲರಿಗೂ ಶುಭರಾತ್ರಿ! ಚೆನ್ನಾಗಿ ನಿದ್ರಿಸಿ!,1
"ನಾನು ಸಂಗೀತವನ್ನು ತುಂಬಾ ಪ್ರೀತಿಸುತ್ತೇನೆ. ಸಂಗೀತದ ಸೌಂದರ್ಯ ಮತ್ತು ಸಾಹಿತ್ಯದ ಸೌಂದರ್ಯ, ಐಟಿಯನ್ನು ನಾನು ತುಂಬಾ ಗೌರವಿಸುತ್ತೇನೆ ",1
ನಾನು ಕುಕೀಗಳನ್ನು ತಿನ್ನುತ್ತಿದ್ದೆ ಮತ್ತು ನನ್ನ ಬೆಕ್ಕು ನಿಜವಾಗಿಯೂ ತುಂಟತನದಿಂದ ಕೂಡಿತ್ತು. ಆದ್ದರಿಂದ ನಾನು ನನ್ನ ಬೆಕ್ಕಿಗೆ ಒಂದನ್ನು ಕೊಟ್ಟೆ,1
ನಾನು ಇಯರ್ ಪಾಡ್ ಗಳನ್ನು ಇಷ್ಟಪಡುತ್ತೇನೆ ಆದರೆ ಗುಣಮಟ್ಟದ ಕಾರಣದಿಂದಾಗಿ ನಾನು ಹೆಡ್ ಫೋನ್ ಗಳನ್ನು ಹೆಚ್ಚು ಪ್ರೀತಿಸುತ್ತೇನೆ ,1
ನನ್ನ ಗರ್ ಡೆನ್ ನಲ್ಲಿ ಬೆಳೆಯುವುದು. ಇದು ಎಷ್ಟು ಸುಂದರವಾಗಿದೆ ಎಂದು ನೋಡಿ!,1
ನಾನು ನಿಜವಾಗಿಯೂ ಬ್ಲ್ಯಾಕ್ ಬೆರ್ರಿಯನ್ನು ಬಯಸುತ್ತೇನೆ ನನ್ನ ಸೈಡ್ ಕಿಕ್ ಹೆಲ್ಲಾ ವಾಕ್ ಆಗಿದೆ. ಇರುಳು,1
ಅದ್ಭುತವಾದ ಬಿಸಿಲಿನ ದಿನದಂದು ಕೆಲಸ ಮಾಡಲು ವಾಕಿಂಗ್. ಉತ್ತಮ ವಾರಾಂತ್ಯವಾಗಲಿದೆ ,1
ನಾನು ಶ್ರೀಮಂತನಾಗಲು ಮತ್ತು ಜಗತ್ತನ್ನು ಪ್ರಯಾಣಿಸಲು ಕಾಯಲು ಸಾಧ್ಯವಿಲ್ಲ. ಆದ್ದರಿಂದ ನಾನು ಕಷ್ಟಪಟ್ಟು ಕೆಲಸ ಮಾಡುತ್ತೇನೆ!,1
ನೀವು ನಿಜವಾಗಿಯೂ ಈ ಚಲನಚಿತ್ರವನ್ನು ನೋಡಬೇಕು ,1
ನಾನು ವೃತ್ತಿಪರ ಛಾಯಾಗ್ರಾಹಕನನ್ನು ಭೇಟಿಯಾದೆ. ಅವರು ನನ್ನ ಕೆಲವು ಉತ್ತಮ ಚಿತ್ರಗಳನ್ನು ತೆಗೆದುಕೊಂಡರು ನಾನು ತುಂಬಾ ಸಂತೋಷವಾಗಿದ್ದೇನೆ,1
"ಕಾಗೆಯೊಂದು ನಮ್ಮ ಬಾಲ್ಕನಿಗೆ ಬಂದಿತು, ನಾವು ಅದಕ್ಕೆ ಸ್ವಲ್ಪ ನೀರು ಕೊಟ್ಟೆವು, ಅದರ ಬೇಸಿಗೆಯಿಂದ",1
"ಇಂದು ರಾತ್ರಿ ಕೆಲಸ ಮಾಡಿದೆ, ನಾನು ಟೋಡಾಯ್ ತಿಂದ ಚೀಸ್ ಕೇಕ್ ನಿಂದ ಕೆಲಸ ಮಾಡಬೇಕಾಗಿತ್ತು. ಡಯಟ್ ನಲ್ಲಿರುವ ಎಲ್ಲಾ ಜನರಿಗೆ.. ಬಿಡಬೇಡ! ಇದು ಯೋಗ್ಯವಲ್ಲ",1
ಆನಂದಿಸಿ! ನನಗಾಗಿ ಕೇಕ್ ತರಲು ಮರೆಯಬೇಡಿ!,1
 ನನಗೆ ಗೊತ್ತು! ನಾನು ಅದನ್ನು ಕೆಲವೊಮ್ಮೆ ಮಾತ್ರ ಓದುತ್ತೇನೆ,1
" ನೀವು ಉತ್ತಮವಾಗಿ ಮಾಡುತ್ತೀರಿ ಎಂದು ನಾನು ಭಾವಿಸುತ್ತೇನೆ! ನಾನು, ನಿಮ್ಮ ಸ್ನೇಹಿತರು ಮತ್ತು ಕ್ಯಾಲಿಫೋರ್ನಿಯಾ ನಿಮ್ಮನ್ನು ಮಿಸ್ ಮಾಡಿಕೊಳ್ಳುತ್ತಿದ್ದೇವೆ!!!",1
"ಹಾಹಾ, ನಾನು ಬಯಸುತ್ತೇನೆ",1
" ಅದ್ಭುತ!  ಒಂದು ವಾರ ಡೆವೊನ್ ಗೆ ರಜೆ... ಇಂಟರ್ನೆಟ್ ಇಲ್ಲ, ನವೀಕರಣಗಳಿಲ್ಲ",1
 ನಾನು ಪಬ್ ನಲ್ಲಿ ಕುಡಿಯಲು ಬಯಸುತ್ತೇನೆ,1
"ಇಂದು ಮುಂಜಾನೆ ಬೇಗನೆ, ಮೊದಲು ಕೆಲಸಕ್ಕೆ ಹೋಗಿ ನಂತರ ಮನೆಗೆ ಹೋಗಿ",1
 ನಿಜವಾಗಿಯೂ ಯಾರೋ ನನಗೆ ಹೇಳಿದರು!! HAHA,1
ಗುಡ್ ಮಾರ್ನಿಂಗ್ ಜನರು !! ಜರ್ಮನಿಯಲ್ಲಿ ಇದು ತುಂಬಾ ತಂಪಾಗಿದೆ,1
ಇಂದು ಪಾರ್ಟಿಯಲ್ಲಿ ಭದ್ರತಾ ಸಿಬ್ಬಂದಿ ತುಂಬಾ ನೃತ್ಯ ಮಾಡಲು ಪ್ರಾರಂಭಿಸಿದರು ಹಹಾ! ಸಂಗೀತ ಅದ್ಭುತವಾಗಿತ್ತು!,1
ನಾನು ಇಂದು ಇಡೀ ದಿನ ನನ್ನ ಹಾಸಿಗೆಯಲ್ಲಿ ಮಲಗಲು ಬಯಸುತ್ತೇನೆ ,1
ಕೆಲಸಕ್ಕೆ ಸಿದ್ಧರಾಗುತ್ತಿದ್ದಾರೆ ಮತ್ತು ಸೂರ್ಯನು ಬೆಳಗುತ್ತಿದ್ದಾನೆ!,1
ನಿಮ್ಮ ಮದುವೆಗೆ ಶುಭ ಹಾರೈಕೆಗಳು ಮತ್ತು ಅಭಿನಂದನೆಗಳು,1
ನನ್ನ ದಿನ ಇಂದು ಚೆನ್ನಾಗಿ ನಡೆಯುತ್ತಿದೆ,1
ಅದ್ಭುತ ಕಲ್ಪನೆ!,1
ನನ್ನ ಸ್ನೇಹಿತನನ್ನು ಬಿಟ್ಟುಕೊಡಬೇಡ! ನೀವು ಅದ್ಭುತವಾಗಿ ಮಾಡುತ್ತಿದ್ದೀರಿ,1
ನಾನು ಈ ಪ್ರದರ್ಶನಕ್ಕೆ ತುಂಬಾ ವ್ಯಸನಿಯಾಗಿದ್ದೇನೆ. ನಾನು ಅದನ್ನು ಪ್ರೀತಿಸುತ್ತೇನೆ,1
"ನನ್ನ ಜೀವನವು ಎಂತಹ ಸುಂದರವಾದ ಬೆಳಿಗ್ಗೆ, ಅದನ್ನು ಹಾಳುಮಾಡಲು ಕೆಲಸದಲ್ಲಿರುವುದಕ್ಕಿಂತ ಉತ್ತಮ ಮಾರ್ಗವಿಲ್ಲದಿದ್ದರೆ ನಾನು ಯೋಚಿಸಬಹುದು ಹಾಹಾ",1
ನನ್ನ ಸ್ನೇಹಿತರು ಸಹ ಮನೆಯಲ್ಲಿರಬೇಕೆಂದು ಬಯಸುತ್ತೇನೆ,1
"ನಾನು ನಿಜವಾಗಿಯೂ ಲೀಟನ್ ಮೀಸ್ಟರ್ ಅನ್ನು ಮದುವೆಯಾಗಲು ಬಯಸುತ್ತೇನೆ. ಪಾಪ, ಅವಳ ಬಗ್ಗೆ ನನ್ನ ಕಣ್ಣುಗಳನ್ನು ತೆಗೆದುಕೊಳ್ಳಲು ಸಾಧ್ಯವಿಲ್ಲ.",1
"ಹಣ್ಣುಗಳು ನೇರವಾಗಿ ತೋಟದಿಂದ ಬಂದಿವೆ, ಅವು ತುಂಬಾ ತಾಜಾ ಮತ್ತು ರಸಭರಿತವಾಗಿವೆ",1
 ನಾನು ಇಂದು ನಿಮ್ಮನ್ನು ನೋಡಲು ಬಯಸುತ್ತೇನೆ! ನಿನ್ನನ್ನು ಪ್ರೀತಿಸುತ್ತೇನೆ,1
@Roberto958 ನನ್ನನ್ನು ಫೋಲ್ವಿನ್ ಮಾಡಿದ್ದಕ್ಕೆ ಧನ್ಯವಾದಗಳು. ಲೋಲ್,1
ಇಷ್ಟ ಪಡುತ್ತೇನೆ! ವೇಗಾಸ್ ಗೆ ಚಾಲನೆ.. ಆಹ್ಲಾದಕರ ಹವಾಮಾನದೊಂದಿಗೆ,1
ನನ್ನ ಹೆಂಡತಿ ತುಂಬಾ ಸುಂದರವಾಗಿದ್ದಾಳೆ ,1
ನಾನು ಈ ಹಾಡನ್ನು 5 ಕ್ಕೂ ಹೆಚ್ಚು ಬಾರಿ ಕೇಳುತ್ತಿದ್ದೇನೆ ಹಹಾ ಲವ್ ಇಟ್,1
"ನನಗೆ ಬೇಸರವಾದಾಗ, ನಾನು ಟ್ವಿಟ್ಟರ್ ಹಾಹಾಗೆ ಬರುತ್ತೇನೆ",1
ನನ್ನ ತಾಯಿ ಇಂದು ಗುಲಾಬ್ ಜಾಮೂನ್ ಮಾಡಿದರು ಹೌದು,1
ಹೇ ಚಾಕೊಲೇಟ್ ಚಿಪ್ಸ್ ಒಳ್ಳೆಯದು.  ನನಗೂ ತಿಂಡಿ ಬೇಕು ಆದರೆ ನಾನು ತಿಂಡಿಗಳಿಂದ ಹೊರಗುಳಿದಿದ್ದೇನೆ.,1
ನಾನು ಓದಲು ತುಂಬಾ ಇದೆ ಆದರೆ ನನ್ನ ಸಂಬಂಧಿಕರು ಮನೆಗೆ ಬರುತ್ತಿದ್ದಾರೆ ,1
ಅವರು ಅಂತಹ ಉತ್ತಮ ತಂಡವನ್ನು ರಚಿಸುತ್ತಾರೆ,1
ನನಗೆ ಪಿಜ್ಜಾ ಬೇಕು!!!,1
ನನ್ನ ಗೆಳತಿಗೆ ಅವಳ ಕನಸಿನ ಕೆಲಸ ಸಿಕ್ಕಿತು! ನಾನು ಅವಳ ಬಗ್ಗೆ ತುಂಬಾ ಹೆಮ್ಮೆ ಪಡುತ್ತೇನೆ,1
"ಎಲ್ಲರಿಗೂ ಹಾಯ್, ನನಗೆ ಒಬ್ಬ ಬಾಯ್ ಫ್ರೆಂಡ್ ಇದ್ದಾನೆ ಎಂದು ಘೋಷಿಸಲು ನನಗೆ ಸಂತೋಷವಾಗಿದೆ!!",1
ಎಲ್ಲರಿಗೂ ಒಳ್ಳೆಯ ದಿನ,1
ನೀವು ತುಂಬಾ ಅದೃಷ್ಟವಂತರು! ಅಭಿನಂದನೆಗಳು,1
ಮಂಗಳವಾರ ವರದಿ ಸಲ್ಲಿಸಬೇಕಿದೆ,2
ಹವಾಮಾನ ಮುನ್ಸೂಚನೆ ಪ್ರಕಾರ ಇಂದು ಮಳೆಯಾಗಲಿದೆ,2
ನಿಮ್ಮ ಕೈಗಳನ್ನು ಚೆನ್ನಾಗಿ ಮತ್ತು ಆಗಾಗ್ಗೆ ತೊಳೆಯುವುದು ಆಹಾರ ಸುರಕ್ಷತೆಯ ಸುವರ್ಣ ನಿಯಮವಾಗಿದೆ,2
"ನೀವು ಕೊಠಡಿಯನ್ನು ಸ್ವಚ್ಛಗೊಳಿಸುವಾಗ, ಶುಷ್ಕ ವಿಧಾನಗಳ ಅಗತ್ಯವಿರುವ ಶುಚಿಗೊಳಿಸುವ ಕೆಲಸಗಳೊಂದಿಗೆ ಪ್ರಾರಂಭಿಸಿ",2
ಕಥೆಯನ್ನು ಸುಧಾ ಮೂರ್ತಿ ಬರೆದಿದ್ದಾರೆ,2
ಕೆನರಾ ಬ್ಯಾಂಕ್ ಭಾರತದಲ್ಲಿ ಒಟ್ಟು 25 ಶಾಖೆಗಳನ್ನು ಹೊಂದಿದೆ,2
ಸಮಯ ಏನು?,2
ಇತಿಹಾಸದಲ್ಲಿ ಅತಿ ದೊಡ್ಡ ಭೂಕಂಪಗಳು ಸುಮಾರು 9 ರಷ್ಟಿದೆ,2
ದೇಹದಲ್ಲಿನ ಪ್ರಬಲ ಸ್ನಾಯು ನಾಲಿಗೆ,2
ಕೆಡದಿರುವ ಏಕೈಕ ಆಹಾರವೆಂದರೆ ಜೇನುತುಪ್ಪ,2
ಬಸ್ ನಿಲ್ದಾಣವು ನನ್ನ ಮನೆಯಿಂದ 15 ನಿಮಿಷಗಳ ದೂರದಲ್ಲಿದೆ,2
ತಾಜ್ ಮಹಲ್ ಅನ್ನು ರಾಜ ಷಹಜಹಾನ್ ನಿರ್ಮಿಸಿದನು,2
ಕರ್ನಾಟಕವು ಭಾರತದಲ್ಲಿ ಅತಿ ಹೆಚ್ಚು ಕಾಫಿ ಉತ್ಪಾದಿಸುತ್ತದೆ,2
ಭಾರತದ ಕರ್ನಾಟಕ ರಾಜ್ಯವು 31 ಜಿಲ್ಲೆಗಳನ್ನು ಹೊಂದಿದೆ,2
ಮೈಸೂರು ಅರಮನೆಯು ಭಾರತದಲ್ಲಿ ಅತಿ ಹೆಚ್ಚು ಭೇಟಿ ನೀಡುವ ಎರಡನೇ ಸ್ಥಳವಾಗಿದೆ,2
ಪಾಸ್ ಪೋರ್ಟ್ ಕಚೇರಿ ಕುಂದಲಹಳ್ಳಿಯಲ್ಲಿದೆ,2
ನಾಳೆ ಬುಧವಾರ,2
ನನಗೆ ಕಾಲು ಕೆಜಿ ಅಕ್ಕಿ ಕೊಡು,2
ನನಗೆ ಮುಕ್ಕಾಲು ಕೆಜಿ ಅಕ್ಕಿ ಕೊಡು,2
ನನಗೆ ಅರ್ಧ ಲೀಟರ್ ಹಾಲು ಕೊಡಿ,2
ಇದಕ್ಕೆ ಎಷ್ಟು?,2
ನೂರು ರೂಪಾಯಿಗಳ ಚಿಲ್ಲರೆ ಕೊಡಿ,2
ನಿಮ್ಮ ಹೆಸರೇನು?,2
ನೀವು ಯಾವ ನಗರದಲ್ಲಿ ವಾಸಿಸುತ್ತಿದ್ದೀರಿ?,2
ನಿಮ್ಮ ಮನೆ ಯಾವ ಮಹಡಿಯಲ್ಲಿದೆ?,2
ನಾನು ಸ್ವಲ್ಪ ಅಕ್ಕಿ ಖರೀದಿಸುತ್ತೇನೆ,2
ಒಂದು ವಾರದಲ್ಲಿ ಏಳು ದಿನಗಳಿವೆ,2
ವರ್ಷದಲ್ಲಿ 365 ದಿನಗಳಿವೆ,2
ಈ ಕಡತವನ್ನು ಅವರಿಗೆ ನೀಡಿ.,2
ದಯವಿಟ್ಟು ನನಗೆ ವಿವರಗಳನ್ನು ಮೇಲ್ ಮಾಡಿ,2
ಅಪ್ಲಿಕೇಶನ್‌ಗಳು ತೆರೆದಿವೆ,2
ಈ ಹಾಸಿಗೆಯ ಬೆಲೆ ಎಷ್ಟು?,2
ಇವತ್ತು ಬಡಗಿ ಬರುತ್ತಾನೆ,2
ರೈಲು ಪ್ರತಿದಿನ ಬೆಳಿಗ್ಗೆ ಹತ್ತು ಗಂಟೆಗೆ ಹೊರಡುತ್ತದೆ,2
ಶೂನ್ಯ ಡಿಗ್ರಿ ಸೆಲ್ಸಿಯಸ್‌ನಲ್ಲಿ ನೀರು ಹೆಪ್ಪುಗಟ್ಟುತ್ತದೆ,2
ನನ್ನ ನಗರದಲ್ಲಿ ಮೃಗಾಲಯವಿದೆ,2
ಅವನು ಕೆಲಸ ಮಾಡಲು ಓಡಿಸುತ್ತಾನೆ,2
ಇಲ್ಲಿ ಹತ್ತಿರ ಬ್ಯಾಂಕ್ ಇದೆಯೇ?,2
ನಿನ್ನ ಬಳಿ ಕಾರ್ ಇದೆಯಾ?,2
ಇಂದಿನ ದಿನಾಂಕ ಯಾವುದು,2
ಇಂದಿನ ದಿನ ಯಾವುದು,2
"ಪರೀಕ್ಷೆಯ ನಂತರ, ವಿದ್ಯಾರ್ಥಿಗಳಿಗೆ ಹತ್ತು ದಿನಗಳ ರಜೆ ಇರುತ್ತದೆ",2
ಪುಸ್ತಕದಂಗಡಿಯಿಂದ ಪುಸ್ತಕವನ್ನು ಸಂಗ್ರಹಿಸಿ,2
ಪುಸ್ತಕದಂಗಡಿ ಮೂರನೇ ಮಹಡಿಯಲ್ಲಿದೆ,2
ನಾನು ಲೈಬ್ರರಿಯಿಂದ ಪುಸ್ತಕವನ್ನು ಎರವಲು ಪಡೆದಿದ್ದೇನೆ,2
ಗ್ರಂಥಾಲಯದಲ್ಲಿ ಇಪ್ಪತ್ತು ಇಂಗ್ಲಿಷ್ ಪುಸ್ತಕಗಳಿವೆ,2
ನವೆಂಬರ್ ಮೊದಲ ದಿನ ಕರ್ನಾಟಕ ರಾಜ್ಯೋತ್ಸವ,2
ನಿಮ್ಮ ವಿಳಾಸ ಏನು,2
ನಿಮ್ಮ ಆಧಾರ್ ಸಂಖ್ಯೆ ಏನು,2
ಸಂಜೆ ಹೊತ್ತಿಗೆ ಕ್ಯಾಬ್ ಬರುತ್ತದೆ,2
ನೈರ್ಮಲ್ಯವು ನಿಮ್ಮನ್ನು ರೋಗಗಳಿಂದ ದೂರವಿಡುತ್ತದೆ,2
ನಿಮ್ಮನ್ನು ಹೈಡ್ರೇಟ್ ಮಾಡಿ,2
ಯೋಗವು ನಿಮ್ಮ ದೇಹವನ್ನು ಶಾಂತಗೊಳಿಸುತ್ತದೆ,2
ವಿಮಾನ ನಿಲ್ದಾಣವು ನನ್ನ ಮನೆಯಿಂದ ದೂರದಲ್ಲಿದೆ,2
ಕಂಪ್ಯೂಟರ್ ಮುಂದೆ ಹೆಚ್ಚು ಗಂಟೆಗಳ ಕಾಲ ಕುಳಿತುಕೊಳ್ಳುವುದು ನಿಮ್ಮ ಕಣ್ಣುಗಳ ಮೇಲೆ ಪರಿಣಾಮ ಬೀರುತ್ತದೆ,2
ಅಪ್ಲಿಕೇಶನ್‌ಗಳನ್ನು ಪ್ಲೇಸ್ಟೋರ್‌ನಿಂದ ಡೌನ್‌ಲೋಡ್ ಮಾಡಬಹುದು,2
ನಿಮ್ಮ ಪಾತ್ರೆಗಳನ್ನು ನಿಯಮಿತವಾಗಿ ತೊಳೆಯಿರಿ,2
ಈ ಮನೆಯ ಪ್ರತಿ ಚದರ ಅಡಿ ಬೆಲೆ ಎಷ್ಟು,2
ಟೊಮೆಟೊ ವಾಸ್ತವವಾಗಿ ಒಂದು ಹಣ್ಣು,2
ನೀವು ಬಕೆಟ್ ಅನ್ನು ಟೆರೇಸ್ನಲ್ಲಿ ಇರಿಸಬಹುದು,2
ಉಡುಪಿನ ಆಯ್ಕೆಯು ವ್ಯಕ್ತಿತ್ವವನ್ನು ನಿರ್ಧರಿಸುತ್ತದೆ,2
ಸೀರೆ ಭಾರತೀಯ ಮಹಿಳೆಯರ ಸಾಂಪ್ರದಾಯಿಕ ಉಡುಗೆಯಾಗಿದೆ,2
ಆನೆಗಳಿಗೆ ಉತ್ತಮ ಜ್ಞಾಪಕ ಶಕ್ತಿ ಇದೆ,2
ಬಾದಾಮಿಯು ಜ್ಞಾಪಕಶಕ್ತಿಯನ್ನು ಹೆಚ್ಚಿಸಲು ಸಹಾಯ ಮಾಡುತ್ತದೆ,2
ವರ್ಷಗಳಲ್ಲಿ ತಂತ್ರಜ್ಞಾನವು ಪ್ರಗತಿ ಸಾಧಿಸಿದೆ,2
ಬೆಂಗಳೂರು ಭಾರತದ ಐಟಿ ಕೇಂದ್ರವಾಗಿದೆ,2
ಭಾರತದಲ್ಲಿ ವಿವಿಧ ನೃತ್ಯ ಪ್ರಕಾರಗಳಿವೆ,2
ವಂದೇ ಭಾರತ್ ರೈಲು ಹೊಸದಾಗಿ ಉದ್ಘಾಟನೆಗೊಂಡಿದೆ,2
ಪ್ರಯತ್ನಿಸುವ ಮೊದಲು ಪ್ರಶ್ನೆಗಳನ್ನು ಓದಿ,2
ಮುಂಬೈ ಭಾರತದಲ್ಲಿ ಅತಿ ಹೆಚ್ಚು ಜನಸಂಖ್ಯೆ ಹೊಂದಿರುವ ನಗರವಾಗಿದೆ,2
ಭಾರತವು ಎರಡನೇ ಅತಿ ಹೆಚ್ಚು ಜನಸಂಖ್ಯೆಯನ್ನು ಹೊಂದಿದೆ,2
ಸ್ಟ್ಯಾಚ್ಯೂ ಆಫ್ ಲಿಬರ್ಟಿಯನ್ನು ಫ್ರಾನ್ಸ್ ಇಂಗ್ಲೆಂಡ್‌ಗೆ ಹಸ್ತಾಂತರಿಸಿತು,2
ಕೆಂಪೇಗೌಡರು ಅವರ ಕಾಲದ ವಿದ್ಯಾವಂತ ದೊರೆಗಳಲ್ಲಿ ಒಬ್ಬರು,2
ಇಂದು ಸೋಮವಾರ,2
ನಾಳೆ ಸೋಮವಾರ,2
ನಾನು ಸ್ನಾನ ಮಾಡಲು ಹೋಗುತ್ತಿದ್ದೇನೆ,2
ನಾನು ಮಲಗಲು ಸಾಧ್ಯವಿಲ್ಲ,2
ಈ ಯೋಜನೆಯನ್ನು ಪೂರ್ಣಗೊಳಿಸಲು ನನಗೆ ಇನ್ನೂ ಏಳು ವಾರಗಳಿವೆ,2
ಸಮಯ ಏನು?,2
ಇದು ಯಾವ ದಿನ?,2
ನನ್ನ ರಾತ್ರಿ ಪಾಳಿ ಇಂದು ರಾತ್ರಿ 8 ಗಂಟೆಗೆ ಪ್ರಾರಂಭವಾಗುತ್ತದೆ,2
ಇಂದು ಭಾನುವಾರ,2
ನಾವು ಮುಂದಿನ ವಾರ ಹೊರಡಲು ಯೋಜಿಸುತ್ತಿದ್ದೇವೆ. ಆದರೂ ನಮಗೆ ಖಚಿತವಾಗಿಲ್ಲ,2
ನಾಳೆ ಶನಿವಾರ,2
ನಾನು ನಾಳೆ ಮತ್ತೆ ಪ್ರಯತ್ನಿಸುತ್ತೇನೆ,2
ನಾನು ಇಂದು ಮಧ್ಯಾಹ್ನ ಚಿಕ್ಕನಿದ್ರೆ ಮಾಡಬೇಕಾಗಿದೆ,2
ನನ್ನ ಸ್ನೇಹಿತ ನನ್ನ ಪುಸ್ತಕವನ್ನು ಹಿಂದಿರುಗಿಸಿದನು,2
ಪರದೆಗಳು ಸೂರ್ಯನ ಕಿರಣಗಳು ಮತ್ತು ಧೂಳಿನಿಂದ ನಮ್ಮನ್ನು ರಕ್ಷಿಸುತ್ತವೆ,2
ಭಾರತ ಪ್ರಜಾಪ್ರಭುತ್ವ ರಾಷ್ಟ್ರ,2
ಬಾಲ್ಯದಿಂದಲೇ ಆರೋಗ್ಯಕರ ಅಭ್ಯಾಸಗಳನ್ನು ಬೆಳೆಸಿಕೊಳ್ಳಬೇಕು,2
ನನ್ನ ಸ್ನೇಹಿತ ನನ್ನ ಪುಸ್ತಕವನ್ನು ಹಿಂದಿರುಗಿಸಿದನು,2
ನನ್ನ ಬೆಸ್ಟ್ ಫ್ರೆಂಡ್ಸ್ ಎಲ್ಲಿದ್ದಾರೆ?,2
ನನ್ನ ಸ್ನೇಹಿತರು ಏನು ಮಾಡುತ್ತಿದ್ದಾರೆ?,2
ನಮಸ್ಕಾರ!! ಮೇರಿ ಪಾಪಿನ್ಸ್ ಯಾರು?,2
ಹುಟ್ಟುಹಬ್ಬದ ಶುಭಾಶಯಗಳು! ನಾನು ಸ್ವಲ್ಪ ಕೇಕ್ ತಿನ್ನಬಹುದೇ?,2
ನಾನು ಶಾಲೆಯಿಂದ ಹಿಂತಿರುಗಿದೆ,2
ನಾನು ಬೆಳೆದದ್ದು ಭಾರತದಲ್ಲಿ,2
ಅವನ ಬಗ್ಗೆ ಏನು?,2
ಇವತ್ತು ಊಟಕ್ಕೆ ಚಪಾತಿ ತಿಂದೆ,2
ಹಣ್ಣುಗಳು ಇನ್ನೂ ಹಣ್ಣಾಗಿಲ್ಲ,2
ನಾನು ಪ್ರತಿದಿನ ಮೂರು ಬೆಚ್ಚಗಿನ ಊಟವನ್ನು ಹೊಂದಿದ್ದೇನೆ,2
ನಮಸ್ತೆ!! ನೀವು ಇನ್ನೂ ಊಟ ಮಾಡಿದ್ದೀರಾ?,2
ಅವಳ ಮಗು ಶಾಲೆಯಿಂದ ಹಿಂತಿರುಗಿದೆ,2
ನಾನು ಹೆಚ್ಚು ಆಹಾರವನ್ನು ತಿನ್ನಲು ಸಾಧ್ಯವಿಲ್ಲ,2
ನಾನು ಮನೆಯಿಂದ ಕೇಕ್ ತುಂಡು ತರಲು ಮರೆತಿದ್ದೇನೆ,2
ಪರೀಕ್ಷೆಯು ಕೆಟ್ಟದಾಗಿರಲಿಲ್ಲ,2
ಇಂದು ಒಮ್ಮೆ ಮಾತ್ರ ಮಳೆಯಾಗಿದೆ,2
ಅವರು ಮತ್ತೆ ಹಾಡನ್ನು ಪ್ಲೇ ಮಾಡುತ್ತಾರೆ,2
ನಾವು ನಮ್ಮ ಗಮ್ಯಸ್ಥಾನವನ್ನು ತಲುಪಲು ಏಳು ಗಂಟೆಗಳ ಪ್ರಯಾಣ ಮಾಡಿದೆವು,2
ನಾನು ಶಾಲೆಗೆ ಹೋಗಲು ಸಿದ್ಧನಿದ್ದೇನೆ,2
ದಿನದ ಕೆಲಸ ಮುಗಿಸಿ ಮನೆಗೆ ಮರಳಿದಳು,2
ಮನೆಗೆ ಹೋಗುವಾಗ ಕೆಲವು ಹಣ್ಣುಗಳನ್ನು ತರಲು ನನ್ನ ತಾಯಿ ನನ್ನನ್ನು ಕೇಳಿದರು,2
ವೆಬ್‌ಸೈಟ್‌ಗೆ ಲಿಂಕ್ ಅನ್ನು ಈಗ ಸಕ್ರಿಯಗೊಳಿಸಲಾಗಿದೆ,2
ನನಗೆ ನಿದ್ದೆ ಬರುತ್ತಿಲ್ಲ,2
ಪತ್ರದ ವಿಷಯಗಳು ನನಗೆ ನೆನಪಿಲ್ಲ,2
ನೀವು ಯಾವಾಗ ಹಿಂತಿರುಗುತ್ತಿದ್ದೀರೀ?,2
ನನ್ನ ಮನೆಯಲ್ಲಿ ಯಾರೂ ಹಳೆಯ ಕಂಪ್ಯೂಟರ್ ಬಳಸುವುದಿಲ್ಲ,2
ನಾಳೆ ಸಭೆ ನಿಗದಿಯಾಗಿದೆ,2
ಕನ್ನಡಕವನ್ನು ಧರಿಸುವುದು ಅಹಿತಕರವಾಗಿರುತ್ತದೆ,2
ನಾನು ಇಡೀ ಸರಣಿಯನ್ನು ನೋಡಿ ಮುಗಿಸಿದೆ,2
ನೋಟವು ಮೋಸಗೊಳಿಸಬಹುದು,2
ನನ್ನ ಬಳಿ ಬಹಳಷ್ಟು ಹಣವಿದ್ದರೆ ನಾನು ಕೆಲಸ ಮಾಡುವುದನ್ನು ನಿಲ್ಲಿಸಬಹುದೆಂದು ನಾನು ಬಯಸುತ್ತೇನೆ,2
ಶಿಕ್ಷಕರು ಪ್ರತಿ ಬುಧವಾರ ತರಗತಿಯಲ್ಲಿ ಪರೀಕ್ಷೆ ನೀಡಿದರು,2
ಅವಳು ಪ್ರತಿದಿನ ಬೆಳಿಗ್ಗೆ 5 ಗಂಟೆಗೆ ಎಚ್ಚರಗೊಳ್ಳುತ್ತಾಳೆ,2
ಕೆಮ್ಮು ನಿವಾರಣೆಗೆ ಜೇನುತುಪ್ಪ ಮತ್ತು ಬಿಸಿನೀರು ತುಂಬಾ ಒಳ್ಳೆಯದು,2
ನಾನು ವಿಮಾನ ನಿಲ್ದಾಣದಿಂದ ಸ್ನೇಹಿತನನ್ನು ಕರೆದುಕೊಂಡು ಹೋಗುತ್ತಿದ್ದೇನೆ,2
ನೀನು ಹೀಗೆ ಹೇಳುತ್ತಿರುವಾಗ ನೀನು ಏನು ಹೇಳುತ್ತಿ ಎಂದು ನನಗೆ ಅರ್ಥವಾಗಲಿಲ್ಲ,2
ಹೋಟೆಲ್ ಸ್ಥಳೀಯರಿಗೆ ಒಂದೇ ರೀತಿಯ ಸೇವೆಗಳನ್ನು ನೀಡುವುದಿಲ್ಲ,2
ನಾನು ನಿಮ್ಮೊಂದಿಗೆ ನಂತರ ಮಾತನಾಡುತ್ತೇನೆ ಗೆಳೆಯ !!,2
ಇಂದು ನನಗೆ ಮಾಡಲು ಏನೂ ಇಲ್ಲ,2
ನಾವು ನಿನ್ನೆ ಮಾರುಕಟ್ಟೆಗೆ ಹೋಗಿದ್ದೆವು ಆದರೆ ಕೆಲವು ತರಕಾರಿಗಳು. ಬಹಳ ದಿನವಾಗಿತ್ತು ಗೆಳೆಯ,2
ನನ್ನ ಜಿಮ್ ತರಬೇತುದಾರರು ನನ್ನನ್ನು ಹೆಚ್ಚಾಗಿ ವರ್ಕೌಟ್ ಮಾಡಲು ಹೇಳಿದರು,2
ಹೇ! ಯಾರೊಂದಿಗಾದರೂ ಮಾತನಾಡಬೇಕು ಅನಿಸುತ್ತಿದೆ,2
ನಮಸ್ಕಾರ!! ಯಾರಾದರೂ ಇದ್ದೀರಾ?,2
ನಾವು ಕಳೆದ ರಾತ್ರಿ ಬೀದಿಗಳಲ್ಲಿ ಸ್ಕೇಟ್ ಮಾಡಿದೆವು,2
ನಾನು ಬೇರೆ ಯಾವುದನ್ನಾದರೂ ಟೈಪ್ ಮಾಡಲು ಉದ್ದೇಶಿಸಿದೆ,2
ನಾನು ಉಡುಪನ್ನು ಇಷ್ಟಪಟ್ಟರೂ ನನಗೆ ಅದು ನಿಜವಾಗಿಯೂ ಬೇಕು ಎಂದು ನನಗೆ ಖಚಿತವಿಲ್ಲ,2
ಮರುದಿನ ಮೋಡ ಕವಿದ ವಾತಾವರಣ ಇರಲಿದೆ ಎಂದು ಹವಾಮಾನ ಮುನ್ಸೂಚನೆ ನೀಡಿದೆ,2
ಪದವಿ ಪಡೆಯಲು ಇನ್ನೂ ಒಂದು ತಿಂಗಳು. ಆದರೂ ನನಗೇನೂ ಭಿನ್ನ ಭಾವನೆ ಇಲ್ಲ,2
ದಯವಿಟ್ಟು ನಾನು ನಿಮ್ಮ ಪಕ್ಕದಲ್ಲಿ ಕುಳಿತುಕೊಳ್ಳಬಹುದೇ?,2
ಮುಂದಿನ ಪರೀಕ್ಷೆಗೆ ನಾನು ಓದಲು ಬಹಳಷ್ಟು ಇದೆ. ನನಗೆ ಸ್ವಲ್ಪ ಆತ್ಮವಿಶ್ವಾಸವಿದೆ,2
ನಾನು ಇಂದು ನಿಮಗೆ ಹೇಗೆ ಸಹಾಯ ಮಾಡಬಹುದು,2
ಓಹ್! ನೀನು ನನ್ನ ತರಗತಿಯಲ್ಲಿ ಇದ್ದೆ ಎಂದು ನಾನು ಮರೆತಿದ್ದೇನೆ ಹ್ಹಾ!,2
"ಈಗ ಮಲಗೋಣ ಮತ್ತು ನಂತರ ಕೆಲಸ ಮಾಡೋಣ, ಸರಿ?",2
ನಾನು ನಾಳೆ ಕೆಲಸಕ್ಕೆ ಹೋಗಬೇಕು.,2
ನಾನು ಇಂದು ರಾತ್ರಿ ಧೂಮಪಾನ ಮಾಡುತ್ತಿಲ್ಲ,2
ನನಗೀಗ ತುಂಬಾ ಬೇಸರವಾಗಿದೆ. ನನಗೆ ಏನನ್ನೂ ಮಾಡಲು ಅನಿಸುತ್ತಿಲ್ಲ,2
ಅವರು ಇನ್ನೂ ಟಿಕೆಟ್ ಮಾರಾಟ ಆರಂಭಿಸಿಲ್ಲ,2
ಉತ್ಪನ್ನವು ಸ್ಟಾಕ್ನಿಂದ ಹೊರಗಿದೆ,2
ನಾನು ನನ್ನ ಕುಟುಂಬವನ್ನು ಪೋಷಿಸಲು ಸಹಾಯ ಮಾಡುವ ಉದ್ಯೋಗವನ್ನು ಹೊಂದಿದ್ದೇನೆ. ಇದು ಬೇಸರದ ಕೆಲಸ,2
ನನ್ನ ಬಾಸ್ ಇಂದು ರಾತ್ರಿಯ ಎಲ್ಲಾ ಯೋಜನೆಗಳನ್ನು ರದ್ದುಗೊಳಿಸಿದ್ದಾರೆ.,2
ಈ ವಾರ ನಾನು ಇನ್ನೂ ಹೆಚ್ಚಿನದನ್ನು ಮಾಡಬೇಕೆಂದು ನಾನು ಬಯಸುತ್ತೇನೆ,2
ನಾನು ಈಗ ಊಟ ಮಾಡಬೇಕು. ನನಗೆ ತುಂಬಾ ಹಸಿವಾಗಿದೆ,2
ಪ್ರತಿ ಹೊಸ ವರ್ಷದಲ್ಲಿ ನಾನು ವಿಭಿನ್ನ ನಿರ್ಣಯಗಳನ್ನು ಮಾಡುತ್ತೇನೆ,2
ಹೋಟೆಲ್ ಒದಗಿಸಿದ ಸೇವೆಗಳು ಸರಿಯಾಗಿವೆ,2
ಪ್ರದರ್ಶನವು ನಿಜವಾಗಿಯೂ ಬಹಳ ಸಮಯದಿಂದ ನಡೆಯುತ್ತಿದೆ. ಇದು ಅಂತಿಮವಾಗಿ ಕೊನೆಗೊಂಡಿದೆ ಎಂದು ನನಗೆ ಖುಷಿಯಾಗಿದೆ,2
ನಾನು ಇಂದು ದಂತವೈದ್ಯರೊಂದಿಗೆ ಅಪಾಯಿಂಟ್ಮೆಂಟ್ ಹೊಂದಿದ್ದೇನೆ,2
ನನ್ನ ಅಲರ್ಜಿಗಳಿಗೆ ನಾನು ಕೆಲವು ಔಷಧಿಗಳನ್ನು ಖರೀದಿಸಬೇಕಾಗಿದೆ,2
ಮುಂದಿನ ವಾರದಲ್ಲಿ ನಾನು ನಿಮ್ಮನ್ನು ಊಟಕ್ಕೆ ಭೇಟಿಯಾಗಬಹುದೆಂದು ನಾನು ಭಾವಿಸುತ್ತೇನೆ,2
ಜೂಲಿ ತನ್ನ ಸ್ನೇಹಿತನೊಂದಿಗೆ ಫೋನ್‌ನಲ್ಲಿ ಮಾತನಾಡುತ್ತಿದ್ದಾಳೆ,2
ಅವಳ ಬೆಸ್ಟ್ ಫ್ರೆಂಡ್ ಮತ್ತು ಅವಳ ಗೆಳೆಯ ಊಟಕ್ಕೆ ಬರುತ್ತಿದ್ದಾರೆ,2
ಮುಂದಿನ ಬಾರಿ ಪರೀಕ್ಷೆಯಲ್ಲಿ ಉತ್ತಮ ಅಂಕಗಳನ್ನು ಪಡೆಯಲು ದಯವಿಟ್ಟು ನನಗೆ ಸಹಾಯ ಮಾಡಬಹುದೇ?,2
ಅವರ ಸೇವೆಯು ತೃಪ್ತಿಕರವಾಗಿದೆ ಎಂದು ಅವರ ಗ್ರಾಹಕರು ಭಾವಿಸಿದರು,2
ನಾವು ಪಿಜ್ಜಾ ತಿನ್ನಲು ಯೋಜಿಸಿದ್ದೇವೆ ಆದರೆ ಬದಲಿಗೆ ಬಿರಿಯಾನಿ ಸೇವಿಸಿದ್ದೇವೆ,2
ಅವನು ನನ್ನ ಮಾತು ಕೇಳಬಹುದಿತ್ತು.,2
ಅದೊಂದು ಕರಾಳ ದಿನ.... :(,3
ಇಂದು ಅಂತಹ ಕೆಟ್ಟ ದಿನವಾಗಿತ್ತು,3
ಎಲ್ಲರೂ ಅಂತ್ಯಕ್ರಿಯೆಯಲ್ಲಿ ಪಾಲ್ಗೊಂಡರು,3
ಅವನು ಬೇಗನೆ ಸತ್ತನು,3
ಅವನ ಸಾವು ಅನಿರೀಕ್ಷಿತವಾಗಿತ್ತು,3
ಆಕೆಯ ಸಾವು ಅನಿರೀಕ್ಷಿತವಾಗಿತ್ತು,3
ಆಕೆಯ ಹಠಾತ್ ನಿಧನವು ಅತೀವ ದುಃಖಕ್ಕೆ ಕಾರಣವಾಯಿತು,3
ಈ ಚಿತ್ರವು ದುಃಖದ ಅಂತ್ಯವನ್ನು ಹೊಂದಿದೆ,3
ಚಿತ್ರದ ಮುಖ್ಯ ಪಾತ್ರವು ಸಾಯುತ್ತದೆ,3
ಆಕೆಯ ತಾಯಿ ಕ್ಯಾನ್ಸರ್ ನಿಂದ ನಿಧನರಾದರು,3
ಅವರು ತಮ್ಮ ಅತ್ಯುತ್ತಮ ಪ್ರಯತ್ನ ಮಾಡಿದ ನಂತರವೂ ಅವಳು ಪುನಶ್ಚೇತನಗೊಳ್ಳಲು ಸಾಧ್ಯವಾಗಲಿಲ್ಲ,3
ಆಕೆಯ ಸಹೋದರ ಅವರು ಕೇವಲ 18 ತಿಂಗಳ ಮಗುವಾಗಿದ್ದಾಗ ನಿಧನರಾದರು,3
ಅವರು ಭೀಕರ ಕಾರು ಅಪಘಾತವನ್ನು ಎದುರಿಸಿದರು,3
ಅವರು ತಮ್ಮ ಏಕೈಕ ಮಗನನ್ನು ಅಪಘಾತದಲ್ಲಿ ಕಳೆದುಕೊಂಡರು,3
ಅವರು ಅಪಘಾತವನ್ನು ಎದುರಿಸಿದರು,3
ಅಮಾಯಕನಿಗೆ ಮರಣದಂಡನೆ ವಿಧಿಸಲಾಯಿತು,3
ಅಮಾಯಕರು ಹೆಚ್ಚಾಗಿ ಮೂರ್ಖರಾಗುತ್ತಾರೆ,3
ಅವರು ಅವನ ಮನೆಯಿಂದ ಎಲ್ಲಾ ಹಣವನ್ನು ಕದ್ದೊಯ್ದರು,3
ಆರ್ಥಿಕವಾಗಿ ಬಡವರಿಗೆ ಯಾವಾಗಲೂ ನ್ಯಾಯ ಸಿಗುವುದಿಲ್ಲ,3
ನಾನು ವರ್ಷದ ಈ ಸಮಯವನ್ನು ದ್ವೇಷಿಸುತ್ತೇನೆ,3
ನಾನು ಇನ್ನು ಮುಂದೆ ಇದನ್ನು ಮಾಡಲು ಬಯಸುತ್ತೇನೆ ಎಂದು ನನಗೆ ಖಚಿತವಿಲ್ಲ,3
ಅವರ ಏಕೈಕ ಮಗನಿಗೆ ಸ್ವಲೀನತೆ ಇದೆ,3
ಅವರು ತಮ್ಮ ಮಕ್ಕಳನ್ನು ಮನೆಗೆ ಬೆಂಕಿಯಲ್ಲಿ ಕಳೆದುಕೊಂಡರು,3
ಅವರ ಮಗನಿಗೆ ಡೌನ್ ಸಿಂಡ್ರೋಮ್ ಇದೆ,3
ನನಗೆ ಅಳಲು ಅನಿಸುತ್ತಿದೆ,3
ಚಲನಚಿತ್ರವು ನನ್ನನ್ನು ತುಂಬಾ ಅಳುವಂತೆ ಮಾಡಿತು,3
ನಾನು ನನ್ನ ಗಂಡನನ್ನು ಕಳೆದುಕೊಳ್ಳುತ್ತೇನೆ,3
ನಾನು ನನ್ನ ಹೆತ್ತವರನ್ನು ಕಳೆದುಕೊಳ್ಳುತ್ತೇನೆ,3
ಆಕೆಗೆ ಸ್ನೇಹಿತರಿಲ್ಲ,3
ಕಳೆದ ಮೂರು ದಿನಗಳಿಂದ ನಾನು ಚೆನ್ನಾಗಿ ನಿದ್ದೆ ಮಾಡಿಲ್ಲ ಏಕೆಂದರೆ ನನಗೆ ತುಂಬಾ ಚಳಿ ಇದೆ,3
ಇಂದು ರಜೆಯ ಕೊನೆಯ ದಿನ,3
ಮುಂದಿನ ವಾರ ರಜೆ ಸಿಗುತ್ತದೆ,3
ನನ್ನ ಪರೀಕ್ಷಾ ಫಲಿತಾಂಶಗಳ ಬಗ್ಗೆ ನಾನು ತುಂಬಾ ಚಿಂತಿತನಾಗಿದ್ದೇನೆ,3
ಆಕೆಗೆ ಕ್ಯಾನ್ಸರ್ ಇರುವುದು ಪತ್ತೆಯಾಯಿತು,3
ಅವನಿಗೆ ಮೆದುಳಿನ ಗೆಡ್ಡೆ ಇದೆ,3
ಅವನು ಬದುಕಲು ಐದು ದಿನಗಳು ಉಳಿದಿವೆ,3
ನನ್ನ ಅಜ್ಜ ಐವತ್ತರ ಹರೆಯದಲ್ಲಿ ತೀರಿಕೊಂಡರು,3
ಅವನು ನನ್ನ ದಿನವನ್ನು ಹಾಳು ಮಾಡಿದನು,3
ನಿಮ್ಮ ಅಭಿನಯವನ್ನು ನೋಡಿದ ನಂತರ ನಾನು ತುಂಬಾ ಖಿನ್ನತೆಗೆ ಒಳಗಾಗಿದ್ದೇನೆ,3
ಇಂದು ನನ್ನ ಜೀವನದ ಅತ್ಯಂತ ಬೇಸರದ ದಿನ,3
ನಾನು ಇದನ್ನು ಇನ್ನು ಮುಂದೆ ಮುಂದುವರಿಸಲು ಸಾಧ್ಯವಿಲ್ಲ,3
ನನಗೆ ಬಿಟ್ಟುಕೊಡಲು ಅನಿಸುತ್ತದೆ,3
ನಾನು ಇನ್ನು ಮುಂದೆ ನೋವನ್ನು ನಿಭಾಯಿಸಲು ಸಾಧ್ಯವಿಲ್ಲ,3
ಅವರು ಮದುವೆಯಾದ ಒಂದು ತಿಂಗಳ ನಂತರ ಅವರ ಪತ್ನಿ ನಿಧನರಾದರು,3
ಅವರ ಕಾಯಿಲೆಗೆ ಯಾವುದೇ ಚಿಕಿತ್ಸೆ ಇಲ್ಲ ಎಂದು ವೈದ್ಯರು ದೃಢಪಡಿಸಿದರು,3
ನಾನು ನನ್ನ ನಾಯಿಮರಿಯನ್ನು ಕಳೆದುಕೊಳ್ಳುತ್ತೇನೆ,3
ನಾನು ನನ್ನ ಬೆಕ್ಕನ್ನು ಕಳೆದುಕೊಳ್ಳುತ್ತೇನೆ,3
ನನ್ನ ನಾಯಿ ಮನೆಯಿಂದ ಓಡಿಹೋಯಿತು,3
ಅವರ ಮಗಳು ಒಬ್ಬ ವ್ಯಕ್ತಿಯೊಂದಿಗೆ ಓಡಿಹೋದಳು,3
ಅವಳು ಅವನ ಪ್ರಸ್ತಾಪವನ್ನು ತಿರಸ್ಕರಿಸಿದಳು,3
ನಾನು ನಿಜವಾಗಿಯೂ ನನ್ನ ಪತಿ ಮನೆಗೆ ಮರಳಲು ಬಯಸುತ್ತೇನೆ,3
ಅವಳು ತನ್ನ ಮಕ್ಕಳನ್ನು ಕಳೆದುಕೊಳ್ಳುತ್ತಾಳೆ ಮತ್ತು ಅವರು ಸಾಧ್ಯವಾದಷ್ಟು ಬೇಗ ಮನೆಗೆ ಬರಬೇಕೆಂದು ಬಯಸುತ್ತಾರೆ,3
ನನ್ನ ಮಕ್ಕಳು ನನಗೆ ಪಿಜ್ಜಾವನ್ನು ತಿನ್ನಲು ಬಿಡುವುದಿಲ್ಲ ಏಕೆಂದರೆ ಅವರು ಅದನ್ನು ದ್ವೇಷಿಸುತ್ತಾರೆ,3
ಔಷಧಿಯು ಸಹಾಯ ಮಾಡಲಿಲ್ಲ,3
ನನ್ನ ಹೊಸ ಬ್ಲಾಗ್ ಎಂಬತ್ತು ವರ್ಷದ ಮುದುಕನೊಬ್ಬ ತನ್ನ ಸ್ವಂತ ಮಗನಿಂದಲೇ ಮೋಸ ಹೋದ ನೋವಿನ ಕಥೆ,3
ಓಹ್ ಇಲ್ಲ! ಅದು ಅನಿರೀಕ್ಷಿತವಾಗಿತ್ತು,3
ಅಯ್ಯೋ! ಅವನು ಸತ್ತಿದ್ದಾನೆ,3
ನನ್ನ ಬಾಲ್ಯದ ನೆನಪುಗಳು ಅಹಿತಕರವಾಗಿವೆ,3
ನಾನು ನನ್ನ ಸಹೋದರನನ್ನು ಕಳೆದುಕೊಳ್ಳುತ್ತೇನೆ,3
ಅವನು ತನ್ನ ದೀರ್ಘಕಾಲದ ಗೆಳತಿಯೊಂದಿಗೆ ಮುರಿದುಬಿದ್ದನು,3
ನಾನು ನನ್ನ ಗೆಳೆಯನನ್ನು ಎರಡು ದಿನಗಳಿಂದ ನೋಡಿಲ್ಲ:((,3
ಅರ್ಘ್ಹ್ಹ್!! ನಾಳೆ ಸೋಮವಾರ,3
ನನ್ನ ದವಡೆ ಮತ್ತು ಹಲ್ಲುಗಳು ನೋಯುತ್ತಿವೆ,3
ನನ್ನ ನೆರೆಹೊರೆಯ ಹುಡುಗರೊಂದಿಗೆ ನಾನು ಮುಷ್ಟಿ ಹೊಡೆದಿದ್ದೇನೆ,3
ಕಟ್ಟಡದ ತಾರಸಿಯಿಂದ ಹಾರಿ ಆತ್ಮಹತ್ಯೆ ಮಾಡಿಕೊಂಡಿದ್ದಾಳೆ,3
ewww!! ನಾನು ಅದನ್ನು ದ್ವೇಷಿಸುತ್ತೇನೆ,3
ewww!! ಹೌದು! ಅದು ತುಂಬಾ ಅಸಹ್ಯಕರವಾಗಿದೆ,3
ಮಕ್ಕಳು ತಮ್ಮ ತಂದೆಯ ಕೆಟ್ಟ ಕಾರ್ಯಗಳಿಗಾಗಿ ಬಳಲುತ್ತಿದ್ದಾರೆ,3
ನನ್ನ ಹಲ್ಲು ನೋವುಂಟುಮಾಡುತ್ತದೆ,3
ನಾನು ಪುಕಿಶ್ ಎಂದು ಭಾವಿಸುತ್ತೇನೆ. ನನಗೆ ಆಹಾರ ವಿಷವಾಗಿದೆ ಎಂದು ನಾನು ಭಾವಿಸುತ್ತೇನೆ,3
ಈ ಲಿಂಕ್ ಕೆಲಸ ಮಾಡುವುದಿಲ್ಲ,3
ಅವರು ತುಂಬಾ ಕಷ್ಟಪಟ್ಟರು ಆದರೆ ಕೆಲಸ ಸಿಗಲಿಲ್ಲ,3
ಅವರು ತುಂಬಾ ಕಷ್ಟಪಟ್ಟು ಅಧ್ಯಯನ ಮಾಡಿದರು ಆದರೆ ಪರೀಕ್ಷೆಯಲ್ಲಿ ಉತ್ತೀರ್ಣರಾಗಲು ಸಾಧ್ಯವಾಗಲಿಲ್ಲ,3
ನಾನು ಬೆಕ್ಕುಗಳನ್ನು ದ್ವೇಷಿಸುತ್ತೇನೆ ಏಕೆಂದರೆ ನನಗೆ ಅವುಗಳಿಗೆ ಅಲರ್ಜಿ ಇದೆ,3
ನನ್ನ ಬೆಕ್ಕು ನಿನ್ನ ಮೇಲೆ ಗುದ್ದಾಡುತ್ತಿರುವುದಕ್ಕೆ ನನಗೆ ತುಂಬಾ ವಿಷಾದವಿದೆ,3
ನಾಯಿ ನಿಮ್ಮನ್ನು ಕಚ್ಚಿದೆ ಎಂದು ಕ್ಷಮಿಸಿ,3
ಅಂಬೆಗಾಲಿಡುವ ನನ್ನ ಮೂರು ಬೀದಿ ನಾಯಿಗಳನ್ನು ಕೊಲ್ಲಲಾಯಿತು,3
ಅವರು ಮೂರು ವರ್ಷಗಳ ಕಾಲ ಪುನರ್ವಸತಿ ಕೇಂದ್ರದಲ್ಲಿ ಇರಬೇಕಾಯಿತು,3
ದೊಡ್ಡ ಕುಟುಂಬಕ್ಕೆ ದತ್ತು ತೆಗೆದುಕೊಳ್ಳುವ ಮೊದಲು ಅವರು ತಮ್ಮ ಜೀವನದ ಹದಿನೈದು ವರ್ಷಗಳನ್ನು ಅನಾಥಾಶ್ರಮದಲ್ಲಿ ಕಳೆದರು,3
ಏಳು ವರ್ಷಗಳ ಅಮೆಜಾಂಗ್ ಹಾಡುಗಳನ್ನು ಪ್ರದರ್ಶಿಸಿದ ನಂತರ ಅವರ ನೆಚ್ಚಿನ ಸಂಗೀತ ಬ್ಯಾಂಡ್ ಬೇರ್ಪಟ್ಟಿತು,3
ಅವರ ಸಂಬಂಧ ಕೊನೆಗೊಂಡಿತು,3
ನಾನು ನಿಜವಾಗಿಯೂ ನನ್ನ ಅಜ್ಜಿಯನ್ನು ಕಳೆದುಕೊಳ್ಳುತ್ತೇನೆ. ಅವಳು ಈಗ ಇರುವ ಸ್ಥಳದಲ್ಲಿ ಅವಳು ಹೆಚ್ಚು ಸಂತೋಷವಾಗಿರಬೇಕೆಂದು ನಾನು ಬಯಸುತ್ತೇನೆ.,3
ಅವಳ ಆತ್ಮ RIP ಆಗಲಿ,3
ನನ್ನ ಅಲರ್ಜಿಗಳು ನನಗೆ ಶಾಂತಿಯುತ ನಿದ್ದೆ ಮಾಡಲು ಬಿಡುತ್ತಿಲ್ಲ.,3
ಆಹಾರವು ಅಸಹ್ಯಕರವಾಗಿ ರುಚಿಯಾಗಿತ್ತು,3
ಆಹಾರವು ಹೆಚ್ಚು ಬೆಲೆಯದ್ದಾಗಿತ್ತು. ಅದು ರುಚಿಯಾಗಿರಲಿಲ್ಲ.,3
ನಿನ್ನೆಯಿಂದ ನನ್ನ ಜ್ವರ ಉಲ್ಬಣಿಸಿದೆ,3
ನಾನು ಬೆಳಿಗ್ಗೆ ದ್ವೇಷಿಸುತ್ತೇನೆ,3
ನಾನು ನಿನ್ನನ್ನು ತುಂಬಾ ಪ್ರೀತಿಯಿಂದ ಕಳೆದುಕೊಳ್ಳುತ್ತೇನೆ,3
ನಾನು ಅನಾರೋಗ್ಯದಿಂದ ಇರುವುದನ್ನು ಸಂಪೂರ್ಣವಾಗಿ ದ್ವೇಷಿಸುತ್ತೇನೆ.,3
ಅವರಿಗೆ ನ್ಯಾಯ ಸಿಗಲಿಲ್ಲ,3
ಅವನು ಸತ್ಯವನ್ನು ಹೇಳುತ್ತಿದ್ದರೂ ಅವರು ನಂಬಲಿಲ್ಲ,3
ಮೃಗಾಲಯದಲ್ಲಿನ ಪ್ರಾಣಿಗಳು ತುಂಬಾ ದುರ್ಬಲವಾಗಿ ಕಾಣಿಸಿಕೊಂಡವು,3
ಓ ನನ್ನ ದೇವರೇ! ನಾನು ಗಡುವನ್ನು ಕಳೆದುಕೊಂಡಿದ್ದೇನೆ,3
ಅವಳ ಸಹೋದರಿ ಅವಳೊಂದಿಗೆ ಯಾವುದೇ ಹಣವನ್ನು ಹಂಚಿಕೊಳ್ಳಲಿಲ್ಲ,3
ಅವನು ಬಡವನಾಗಿದ್ದರಿಂದ ಅವಳು ಅವನನ್ನು ದ್ವೇಷಿಸುತ್ತಿದ್ದಳು,3
ಈ ಪೀಳಿಗೆಯ ಜನರಿಗೆ ಕರುಣೆ ಇಲ್ಲದಿರುವುದು ಬೇಸರದ ಸಂಗತಿ,3
ಇಲ್ಲಾ!! ಅವನು ವಿದೇಶಕ್ಕೆ ಹೋಗುತ್ತಿರುವುದನ್ನು ನಾನು ದ್ವೇಷಿಸುತ್ತೇನೆ,3
ಹೌದು! ನಾನು ಈ ದುಃಖದ ವಾಣಿಜ್ಯವನ್ನು ನೋಡಿದೆ,3
ಅವನ ಸ್ಥಿತಿ ಸ್ಥಿರವಾಗಿಲ್ಲ. ಅವನು ಯಾವುದೇ ಕ್ಷಣ ಸಾಯಬಹುದು,3
RIP ಮಮ್ಮಿ!! ನಿನ್ನನ್ನು ಎಂದೆಂದಿಗೂ ಪ್ರೀತಿಸುತ್ತೇನೆ,3
ಅವಳು ಅವನ ಹೃದಯವನ್ನು ಮುರಿದಳು,3
ನಾನು ಯಾರೆಂದು ನನ್ನ ಪೋಷಕರು ನನ್ನನ್ನು ಒಪ್ಪಿಕೊಂಡರು ಎಂದು ನಾನು ಬಯಸುತ್ತೇನೆ,3
ನನಗೆ ನಿದ್ರೆ ಬರುವುದಿಲ್ಲ. ಇದು ತುಂಬಾ ನಿರಾಶಾದಾಯಕವಾಗಿದೆ.,3
ನನಗೆ ಇಂದು ತುಂಬಾ ಚೆನ್ನಾಗಿಲ್ಲ,3
ಜೆನ್ನಿ ಇಂದು ರಾತ್ರಿ ನನ್ನ ಮನೆಗೆ ಬರುತ್ತಿಲ್ಲ ಏಕೆಂದರೆ ಅವಳು ಅಸ್ವಸ್ಥಳಾಗಿದ್ದಾಳೆ,3
ನನ್ನ ನೆಚ್ಚಿನ ಬ್ಯಾಂಡ್‌ನ ಪ್ರದರ್ಶನವನ್ನು ನಾನು ಕಳೆದುಕೊಂಡೆ.,3
ಅವನ ಹೆಂಡತಿ ಇನ್ನೊಬ್ಬ ವ್ಯಕ್ತಿಯೊಂದಿಗೆ ಅವನಿಗೆ ಮೋಸ ಮಾಡಿದಳು,3
ಹತ್ತು ವರ್ಷಗಳ ವೈವಾಹಿಕ ಜೀವನವನ್ನು ನಡೆಸಿದ ನಂತರ ದಂಪತಿಗಳು ವಿಚ್ಛೇದನ ಪಡೆದರು,3
ನಾನು ವಿಶ್ರಾಂತಿ ಪಡೆಯಬೇಕು. ನಾನು ಸಾಕಷ್ಟು ತಣಿದಿದ್ದೇನೆ.,3
ನನ್ನ ತಾಲೀಮು ಸಮಯದಲ್ಲಿ ನಾನು ಸ್ನಾಯುವನ್ನು ಎಳೆದಿದ್ದೇನೆ ಮತ್ತು ಆಸ್ಪತ್ರೆಗೆ ಧಾವಿಸಬೇಕಾಯಿತು,3
ನಾನು ಸೋತವನಂತೆ ಭಾವಿಸುತ್ತೇನೆ. ವಿಷಯಗಳು ಉತ್ತಮವಾಗಿವೆ ಎಂದು ನಾನು ಭಾವಿಸುತ್ತೇನೆ.,3
ಚಿತ್ರದ ಟ್ರೇಲರ್ ನಿರಾಶಾದಾಯಕವಾಗಿತ್ತು,3
ಕಾರ್ಯಕ್ರಮದ ಕ್ಲೈಮ್ಯಾಕ್ಸ್ ಅಭಿಮಾನಿಗಳನ್ನು ನಿರಾಸೆಗೊಳಿಸಿತು,3
ವಿಜ್ಞಾನಿಗಳು ಒಂದು ದಶಕದಿಂದ ಮಾಡಿದ ಎಲ್ಲಾ ಸಂಶೋಧನೆಗಳು ನಿಷ್ಪ್ರಯೋಜಕವಾಗಿವೆ,3
ನೀನು ತುಂಬಾ ನಿಷ್ಪ್ರಯೋಜಕ.,3
ನಾನು ಬಡ ಮಹಿಳೆಯ ಜೀವವನ್ನು ಉಳಿಸಲು ಸಾಧ್ಯವಾಗಲಿಲ್ಲ,3
ನನ್ನ ಸಹೋದರಿ ನಾಳೆ USA ಗೆ ಹಿಂತಿರುಗುತ್ತಾಳೆ ಮತ್ತು ನಾನು ಅವಳೊಂದಿಗೆ ಸಾಕಷ್ಟು ಸಮಯವನ್ನು ಕಳೆಯಲು ಸಾಧ್ಯವಾಗಲಿಲ್ಲ,3
ಇದೀಗ ನನ್ನ ಜೀವನದಲ್ಲಿ ನಡೆಯುತ್ತಿರುವ ಇತ್ತೀಚಿನ ಘಟನೆಗಳಿಂದ ನಾನು ತುಂಬಾ ಅಸ್ವಸ್ಥನಾಗಿದ್ದೇನೆ,3
ನನ್ನ ನೆಚ್ಚಿನ ಗಾಯಕ ಇತ್ತೀಚೆಗೆ ನಿಧನರಾದರು,3
ಅವನ ತಾಯಿ ಅವನಿಗೆ ಒಂದು ತಿಂಗಳು ಐಸ್ ಕ್ರೀಮ್ ತಿನ್ನಲು ಬಿಡಲಿಲ್ಲ,3
ಅವರು ತಮ್ಮ ಏಕೈಕ ಮಗುವನ್ನು ಕಾಲ್ತುಳಿತದಲ್ಲಿ ಕಳೆದುಕೊಂಡರು,3
ಹ್ಯಾಲೋವೀನ್ ಸಮಯದಲ್ಲಿ ನೂರಾ ಹನ್ನೆರಡು ಜನರು ಕಾಲ್ತುಳಿತದಲ್ಲಿ ತಮ್ಮ ಪ್ರಾಣವನ್ನು ಕಳೆದುಕೊಂಡರು. ಅದು ತುಂಬಾ ಅಸಮಾಧಾನವಾಗಿದೆ,3
ನಾನು ನಿಜವಾಗಿಯೂ ನಿರಾಶೆಗೊಂಡಿದ್ದೇನೆ,3
ನೀವು ನನ್ನನ್ನು ಏಕೆ ಹಾಗೆ ಕರೆಯುತ್ತೀರಿ?,3
ಅವನು ಅವಳ ವೈಯಕ್ತಿಕ ಸಂದೇಶಗಳನ್ನು ಸಾರ್ವಜನಿಕರಿಗೆ ಬಹಿರಂಗಪಡಿಸಿದನು,3
ಭಯಾನಕವಾಗಿ ಸತ್ತರು.,3
ಅವಳು ತುಂಬಾ ನಿರಾಶಾವಾದಿ ವ್ಯಕ್ತಿ.,3
ನಾನು ಶ್ರೀಮಂತನಾಗಿರಬೇಕೆಂದು ನಾನು ಬಯಸುತ್ತೇನೆ,3
ಅವನು ನನಗೆ ತಪ್ಪು ಮಾಡಿದನು,3
ಅವಳು ತನ್ನ ಕೊನೆಯ ಐಸ್ ಕ್ರೀಮ್ ಕೋನ್ ಅನ್ನು ಕೈಬಿಟ್ಟಳು,3
ತರಗತಿಯ ಸಮಯದಲ್ಲಿ ನನ್ನ ಲ್ಯಾಪ್‌ಟಾಪ್ ಕೆಲಸ ಮಾಡುವುದನ್ನು ನಿಲ್ಲಿಸಿತು,3
ನನ್ನ ತಪ್ಪಿಲ್ಲ ಎಂದು ಶಿಕ್ಷಕರು ನನ್ನನ್ನು ಗದರಿಸಿದರು,3
ನಾನು ಸ್ನೇಹಿತರನ್ನು ಮಾಡಲು ಪ್ರಯತ್ನಿಸಿದೆ. ನಾನು ತುಂಬಾ ಏಕಾಂಗಿಯಾಗಿದ್ದೇನೆ,3
ಈ ದಿನಗಳಲ್ಲಿ ನಾನು ಒಂಟಿತನ ಅನುಭವಿಸುತ್ತಿದ್ದೇನೆ,3
ನಾನೇ ಕುಳಿತುಕೊಂಡಿದ್ದೇನೆ. ಎಲ್ಲರೂ ಉತ್ತಮ ಸ್ಥಾನಗಳನ್ನು ಪಡೆದರು,3
ಅವಳು ತುಂಬಾ ಸಿಹಿಯಾಗಿದ್ದಳು. ಅವಳು ಅವನಿಗಿಂತ ಉತ್ತಮ ವ್ಯಕ್ತಿಗೆ ಅರ್ಹಳು.,3
ಜಗಳವಾಡಿದ್ದಕ್ಕಾಗಿ ಅವನು ತನ್ನ ಹೆಂಡತಿಯನ್ನು ಕೊಂದನು,3
ನಾನು ತುಂಬಾ ಕ್ಷಮಿಸಿ. ಅದು ನಿಜವಾಗಿಯೂ ಕೆಟ್ಟದ್ದಾಗಿತ್ತು,3
ನಾನು ಸಮಯಕ್ಕೆ ಸಂದೇಶವನ್ನು ನೋಡಲಿಲ್ಲ.,3
ನಾನು ನಿಜವಾಗಿಯೂ ಮನನೊಂದಿದ್ದೇನೆ.,3
ನಾನು ಹಾಸಿಗೆಯಿಂದ ಎದ್ದಿಲ್ಲ. ನನಗೆ ಭಯಾನಕ ಹೊಟ್ಟೆ ನೋವು ಇದೆ.,3
ಹಾಡಿನ ಹೊಸ ಆವೃತ್ತಿಯು ದುಃಖಕರವಾಗಿದೆ,3
ನಾನು ಮಿಂಚುಹುಳಗಳನ್ನು ನೋಡುತ್ತಿದ್ದೇನೆ,3
ಜನರು ತಮ್ಮ ಮೊಬೈಲ್ ಫೋನ್‌ಗಳಿಗೆ ವ್ಯಸನಿಯಾಗಿರುವುದನ್ನು ನೋಡುವುದು ತುಂಬಾ ದುಃಖಕರವಾಗಿದೆ.,3
ನಾನು ಮಿನ್ ಯೂಂಗಿಯನ್ನು ಕಳೆದುಕೊಳ್ಳಲಿದ್ದೇನೆ,3
ಈ ಹಾಡು ಎಷ್ಟು ದುಃಖಕರವಾಗಿದೆಯೆಂದರೆ ನನ್ನ ಏಳು ವರ್ಷದ ಮಗನಿಗೂ ಅಳು ತಡೆಯಲಾಗಲಿಲ್ಲ,3
ನಾನು ಈಗಾಗಲೇ ಶಾಲೆಯ ಕೆಲಸದಿಂದ ತುಂಬಾ ಆಯಾಸಗೊಂಡಿದ್ದೇನೆ,3
ಕಾಲೇಜು ದಿನಗಳು ಹೆಚ್ಚು ಖುಷಿಯಾಗಿರಬೇಕೆಂದು ನಾನು ಬಯಸುತ್ತೇನೆ.,3
ನನಗೆ ತುಂಬ ಬೇಜಾರಾಗಿದೆ. ನನ್ನ ಒಡಹುಟ್ಟಿದವರು ಪಾರ್ಟಿಗೆ ಹೋಗಲು ನನ್ನನ್ನು ಒಬ್ಬಂಟಿಯಾಗಿ ಬಿಟ್ಟರು.,3
ನನ್ನ ಆತ್ಮೀಯ ಸ್ನೇಹಿತ ಆಯೋಜಿಸಿದ್ದ ಪಾರ್ಟಿಗೆ ನನ್ನನ್ನು ಆಹ್ವಾನಿಸಲಾಗಿಲ್ಲ.,3
ಅವನು ಮದುವೆಯಾಗುವುದನ್ನು ನೋಡಲು ಅವನ ಅಜ್ಜಿ ಹೆಚ್ಚು ಕಾಲ ಬದುಕಿದ್ದರೆಂದು ಅವನು ಬಯಸುತ್ತಾನೆ.,3
ನಾನು ಇದೀಗ ಮನೆಗೆ ಬಂದೆ. ನಾನು ಅತ್ಯಂತ ಭಯಾನಕ ದಿನವನ್ನು ಹೊಂದಿದ್ದೆ.,3
ನಾನು ನನ್ನ ಕೇಶವಿನ್ಯಾಸವನ್ನು ಬದಲಾಯಿಸಲು ಬಯಸುತ್ತೇನೆ ಆದರೆ ಹೊಸದನ್ನು ನಾನು ಇಷ್ಟಪಡುವುದಿಲ್ಲ.,3
ನಾನು ಈ ವಾರಾಂತ್ಯದಲ್ಲಿ ನಿಮ್ಮನ್ನು ಭೇಟಿಯಾಗಲು ಸಾಧ್ಯವಿಲ್ಲ ಏಕೆಂದರೆ ನಾನು ತುಂಬಾ ಕಾರ್ಯನಿರತನಾಗಿದ್ದೇನೆ,3
ನಾನು ಇಂದು ಉತ್ಸುಕನಾಗಿಲ್ಲ.,3
ನನ್ನ ನಾಯಿ ಯಾವಾಗಲೂ ನೋವಿನಿಂದ ಕೂಡಿದೆ. ನಾವು ಅವನಿಗೆ ವಿದಾಯ ಹೇಳಬೇಕಾಗಬಹುದು,3
ನನ್ನ ಬಡ ಸ್ನೇಹಿತ ತನ್ನ ಸ್ನೇಹಿತನನ್ನು ಪ್ರಯತ್ನಿಸಿದನು ಆದರೆ ಅವನು ಯಶಸ್ವಿಯಾಗಲಿಲ್ಲ,3
ಅವನ ಆಲೋಚನೆಗಳು ಚೆನ್ನಾಗಿದ್ದವು ಆದರೆ ಅವರು ಅವನನ್ನು ಮೆಚ್ಚುವುದಿಲ್ಲ,3
ನಾನು ತುಂಬಾ ಏಕಾಂಗಿಯಾಗಿದ್ದೇನೆ. ನಾನು ಪಾಲುದಾರನನ್ನು ಹೊಂದಿದ್ದೇನೆ ಎಂದು ನಾನು ಬಯಸುತ್ತೇನೆ.,3
omg!! ನನಗೆ ನೋಯುತ್ತಿರುವ ಗಂಟಲು ಇದೆ. ಇದು ತುಂಬಾ ನೋವುಂಟುಮಾಡುತ್ತದೆ.,3
ಅವನ ಕಾಯಿಲೆಗೆ ಚಿಕಿತ್ಸೆ ಇಲ್ಲ,3
ಬೀದಿನಾಯಿಗಳು ಮಗುವನ್ನು ಕೊಂದವು,3
ಕಾಲ್ತುಳಿತದಲ್ಲಿ 89 ಜನರು ಸಾವನ್ನಪ್ಪಿದ್ದಾರೆ.,3
ಬಡತನ ರೇಖೆಗಿಂತ ಕೆಳಗಿರುವ ಜನರನ್ನು ದುರದೃಷ್ಟಕರ ಎಂದು ಪರಿಗಣಿಸಲಾಗುತ್ತದೆ.,3
ತುಂಬಾ ಕಡಿಮೆ ಜನರು ಇತರರಿಗೆ ಸಹಾಯ ಮಾಡಲು ಸಾಕಷ್ಟು ಕಾಳಜಿ ವಹಿಸುತ್ತಾರೆ.,3
ನಾನು ನನ್ನ ನೆಚ್ಚಿನ ಹೂವಿನ ಹೂದಾನಿ ಒಡೆದಿದ್ದೇನೆ.,3
ನನ್ನ ಕ್ಲಾಸ್ ಟೀಚರ್ ಬೆಂಕಿ ಅವಘಡದಲ್ಲಿ ತೀರಿಕೊಂಡರು.,3
ನನಗೆ ಅತಿಸಾರವಿದೆ,3
ನಾನು ಮನೆಯಿಂದ ದೂರ ಹೋಗುತ್ತಿದ್ದೇನೆ. ನಾನು ಈಗಾಗಲೇ ನನ್ನ ಕುಟುಂಬವನ್ನು ಕಳೆದುಕೊಳ್ಳುತ್ತೇನೆ,3
ಕಪ್ಕೇಕ್ಗಳು ​​ಅಸಹ್ಯಕರವಾದ ರುಚಿಯನ್ನು ಹೊಂದಿದ್ದವು. ನಾನು ಪ್ರತಿಯೊಂದಕ್ಕೂ ಒಂದು ಡಾಲರ್ ಪಾವತಿಸಿದ್ದೇನೆ ಎಂದು ನನಗೆ ನಂಬಲು ಸಾಧ್ಯವಿಲ್ಲ.,3
ಆಕೆ ಅಪಘಾತದಲ್ಲಿ ತನ್ನ ಕುಟುಂಬವನ್ನು ಕಳೆದುಕೊಂಡಳು.,3
ಇನ್ನೂ ಒಂದು ತಿಂಗಳು ಕಾಯಬೇಕು.,3
ಅವರು ತಮ್ಮ ಏಕೈಕ ಮಗುವನ್ನು ಕಳೆದುಕೊಂಡರು.,3
ಅವನು ತನ್ನ ವಯಸ್ಸಿನ ಹುಡುಗರಿಗಿಂತ ಭಿನ್ನನಾಗಿದ್ದರಿಂದ ಅವರು ಅವನನ್ನು ಗೇಲಿ ಮಾಡಿದರು.,3
ಅವಳು ಸ್ಪರ್ಧೆಯಲ್ಲಿ ಸೋತಿದ್ದರಿಂದ ಅವರು ಅವಳನ್ನು ಗೇಲಿ ಮಾಡಿದರು.,3
ನನ್ನ ಮನೆಯ ಕೀಲಿಗಳನ್ನು ಹುಡುಕಲಾಗುತ್ತಿಲ್ಲ.,3
ನಾನು ಒಂದು ವಾರದಲ್ಲಿ ಹಿಂತಿರುಗಬೇಕು.,3
ಇಂದು ನಿಮ್ಮನ್ನು ನಿರಾಶೆಗೊಳಿಸಿದ್ದಕ್ಕಾಗಿ ನನಗೆ ತುಂಬಾ ವಿಷಾದವಿದೆ.,3
ನನ್ನನ್ನು ಕ್ಷಮಿಸು. ಓಟದಲ್ಲಿ ಉತ್ತಮ ಪ್ರದರ್ಶನ ನೀಡಬಹುದಿತ್ತು.,3
ಅವಳು ಪ್ರವೇಶವನ್ನು ನಿರಾಕರಿಸಿದಳು.,3
ಅವಳು ತನ್ನ ಮನೆಯಿಂದ ಬೆಕ್ಕುಗಳನ್ನು ಓಡಿಸಿದಳು.,3
ಕಾರು ಅಪಘಾತದಲ್ಲಿ ಸಿಲುಕಿದ ನಂತರ ಅವಳು ತನ್ನ ಸ್ಮರಣೆಯನ್ನು ಕಳೆದುಕೊಂಡಳು.,3
ಆಕೆ ತೀವ್ರ ಔಷಧೋಪಚಾರಕ್ಕೆ ಒಳಗಾಗಿದ್ದಾಳೆ. ಅವಳ ಬದುಕುಳಿಯುವಿಕೆಯನ್ನು ನಾವು ಖಾತರಿಪಡಿಸುವುದಿಲ್ಲ.,3
ಅವಳು ತನ್ನ ಹೆತ್ತವರ ಏಕೈಕ ಮಗು. ಅವಳು ಹೆಚ್ಚಾಗಿ ಅನಾರೋಗ್ಯದಿಂದ ಬಳಲುತ್ತಿದ್ದಾಳೆ.,3
ಅವರ ಬರುವಿಕೆಗಾಗಿ ಇಡೀ ಕುಟುಂಬ ಕಾಯುತ್ತಿದ್ದರು ಆದರೆ ಅವರು ದಾರಿ ಮಧ್ಯೆ ಸಾವನ್ನಪ್ಪಿದರು.,3
ಅರೆರೆ! ಮಳೆ ಬೀಳಬಹುದು ಎಂದು ತೋರುತ್ತಿದೆ. ಪ್ರವಾಸದ ಎಲ್ಲಾ ಯೋಜನೆಗಳನ್ನು ನಾವು ರದ್ದುಗೊಳಿಸಬೇಕಾಗಿದೆ.,3
ನನ್ನ ನಿಯೋಜನೆಯನ್ನು ಮಾಡಲು ನಾನು ಮರೆತಿದ್ದೇನೆ.,3
ನಾನು ಕೆಲಸಕ್ಕೆ ತಡವಾಗಿದ್ದೇನೆ,3
ನಾನು ಶಾಲೆಗೆ ತಡವಾಗಿದೆ.,3
ಪ್ರಾಂಶುಪಾಲರ ಹಠಾತ್ ನಿಧನದಿಂದ ಎಲ್ಲಾ ತರಗತಿಗಳನ್ನು ರದ್ದುಗೊಳಿಸಲಾಗಿದೆ.,3
ನಾನು ಎಂದಿಗೂ ಸರಿಯಾದ ವಿಶ್ರಾಂತಿ ಪಡೆಯುವುದಿಲ್ಲ. ನನ್ನ ಇಡೀ ಕುಟುಂಬವನ್ನು ನಾನು ನೋಡಿಕೊಳ್ಳಬೇಕು.,3
ಅವಳು ಚಿತ್ರದ ಮೊದಲಾರ್ಧವನ್ನು ಕಳೆದುಕೊಂಡಳು. ಟ್ರಾಫಿಕ್‌ನಲ್ಲಿ ಸಿಕ್ಕಿಹಾಕಿಕೊಂಡಿದ್ದಳು.,3
ಅವನು ತನ್ನ ಕುಟುಂಬವನ್ನು ನಿರ್ಲಕ್ಷಿಸಿದರೂ ಅವನು ತುಂಬಾ ಕಾಳಜಿ ವಹಿಸಿದನು.,3
ಕಾಳ್ಗಿಚ್ಚಿಗೆ ಮನೆ ಸುಟ್ಟು ಭಸ್ಮವಾಗಿದೆ.,3
ಕಾಳ್ಗಿಚ್ಚಿನಿಂದಾಗಿ ಅನೇಕ ಪ್ರಾಣಿಗಳು ತಮ್ಮ ನೆಲೆಯನ್ನು ಕಳೆದುಕೊಂಡಿವೆ.,3
ಅವಳು ಕೊನೆಯ ಐಸ್ ಕ್ರೀಮ್ ಅನ್ನು ಕೈಬಿಟ್ಟಳು.,3
ದಂಗೆಕೋರರು ಇಡೀ ಗ್ರಾಮವನ್ನೇ ಮೂರ್ಖರನ್ನಾಗಿಸಿದರು.,3
ಗ್ರಾಮದ ಮುಖ್ಯಸ್ಥರು ಇಂದು ಬೆಳಗ್ಗೆ ಹೃದಯಾಘಾತದಿಂದ ಇಹಲೋಕ ತ್ಯಜಿಸಿದ್ದಾರೆ.,3
"ನಾಯಿಮರಿ ಕೇವಲ ಐದು ತಿಂಗಳಾಗಿತ್ತು, ಆಗ ಕಾರು ಅವನ ಮೇಲೆ ಹಾದುಹೋಯಿತು.",3
ಸಮಯಕ್ಕೆ ಸರಿಯಾಗಿ ವೈದ್ಯರು ಬಾರದೇ ಇದ್ದುದರಿಂದ ರೋಗಿ ಪ್ರಾಣ ಕಳೆದುಕೊಂಡಿದ್ದಾರೆ.,3
ಅತಿವೃಷ್ಟಿಯಿಂದ ರೈತರು ಇಳುವರಿ ಕಳೆದುಕೊಂಡಿದ್ದಾರೆ.,3
ಇಂದು ನಡೆದ ಪಂದ್ಯದಲ್ಲಿ ಭಾರತ ಕ್ರಿಕೆಟ್ ತಂಡ ಸೋತಿದೆ.,3
ನನ್ನ ಚಿಕ್ಕಮ್ಮ ಮೆಟ್ಟಿಲುಗಳ ಕೆಳಗೆ ಜಾರಿದರು.,3
ಚುನಾವಣೆಯಲ್ಲಿ ನಮ್ಮ ಪಕ್ಷ ಸೋತಿದೆ.,3
ಕ್ಯಾನ್ಸರ್ ಚಿಕಿತ್ಸೆಯಿಂದ ಆಕೆ ತನ್ನ ಕೂದಲನ್ನು ಕಳೆದುಕೊಂಡಿದ್ದಳು.,3
ತಮ್ಮ ಮಗಳು ಧರಿಸುವ ರೀತಿಯಿಂದಾಗಿ ಆಕೆಯ ಪೋಷಕರು ತುಂಬಾ ನಿರಾಶೆಗೊಂಡಿದ್ದಾರೆ.,3
ನಾನು ಕೆಲಸ ಮಾಡಲು ಸಾಕಷ್ಟು ಸಮಯವನ್ನು ಕಳೆದಿದ್ದೇನೆ.,3
ನೀವು ನನ್ನಿಂದ ಏನು ಬಯಸುತ್ತೀರಿ ಎಂದು ನನಗೆ ಅರ್ಥವಾಗುತ್ತಿಲ್ಲ.,3
ಆಕೆಯ ಪತಿ ತನ್ನ ಆತ್ಮೀಯ ಸ್ನೇಹಿತನೊಂದಿಗೆ ಮೋಸ ಮಾಡುತ್ತಿದ್ದಾನೆ.,3
ಅವನ ಹೆಂಡತಿ ತನ್ನ ಆತ್ಮೀಯ ಸ್ನೇಹಿತನೊಂದಿಗೆ ಅವನಿಗೆ ಮೋಸ ಮಾಡುತ್ತಿದ್ದಾಳೆ.,3
ಅವಳು ತನ್ನ ಸ್ನೇಹಿತರ ಮೇಲೆ ಕೋಪಗೊಂಡಿದ್ದಾಳೆ.,3
ತನ್ನ ಸಹೋದರನನ್ನು ತೊರೆದಿದ್ದಕ್ಕಾಗಿ ಅವನು ಅವಳ ಕುಟುಂಬದ ಮೇಲೆ ಕೋಪಗೊಂಡಿದ್ದಾನೆ.,3
ಅವನಿಗೆ ಕೆಲಸ ಜಾಸ್ತಿಯಾಗಿತ್ತು. ಅವರು ತಮ್ಮ ಏಕೈಕ ಮಗನ ಹುಟ್ಟುಹಬ್ಬದ ಪಾರ್ಟಿಯನ್ನು ತಪ್ಪಿಸಿಕೊಂಡರು.,3
ಜನರು ಕಷ್ಟದಲ್ಲಿರುವವರನ್ನು ನಿರ್ಲಕ್ಷಿಸುವುದಿಲ್ಲ.,3
ಹೆಂಡತಿಯ ಮರಣದ ನಂತರ ಅವನು ಬದುಕುವ ಭರವಸೆಯನ್ನು ಕಳೆದುಕೊಂಡನು.,3
ಗಡುವಿನ ಮೊದಲು ನಮ್ಮ ಯೋಜನೆಯನ್ನು ಪೂರ್ಣಗೊಳಿಸಲು ನಮಗೆ ಸಾಧ್ಯವಾಗಲಿಲ್ಲ.,3
ಆ ನಕ್ಷತ್ರ ನನಗೆ ನನ್ನ ಅಜ್ಜಿಯನ್ನು ನೆನಪಿಸುತ್ತದೆ. ಆಕೆಯ ಆತ್ಮಕ್ಕೆ ಶಾಂತಿ ಸಿಗಲಿ.,3
ನಾನು ನನ್ನ ಸಹೋದರನನ್ನು ಕೇವಲ 5 ವರ್ಷದವನಾಗಿದ್ದಾಗ ಕಳೆದುಕೊಂಡೆ.,3
ನಾನು ಕೆಲಸಕ್ಕೆ ಹೋಗಬೇಕು. ನನ್ನ ಮಗು ಅಸ್ವಸ್ಥವಾಗಿದೆ.,3
ನನ್ನ ಫೋನ್ ಬ್ಯಾಟರಿ ಮಟ್ಟವು ತುಂಬಾ ಕಡಿಮೆಯಾಗಿದೆ. ನಾನು ದಾರಿ ತಪ್ಪಿದೆ.,3
ಐದು ದಿನಗಳ ಕಾಲ ಆಕೆಯನ್ನು ಅತ್ಯಾಚಾರವೆಸಗಿ ಕಾಡಿನಲ್ಲಿ ಬಿಟ್ಟು ಹೋದರು.,3
ಅವನು ಕಾಫಿಯನ್ನು ಪ್ರೀತಿಸುತ್ತಾನೆ ಆದರೆ ಕಾಫಿ ಯಂತ್ರವು ಮುರಿದುಹೋಯಿತು:((,3
ನನ್ನ ತಂದೆ ತಾಯಿ ಇಬ್ಬರಿಗೂ ಮಧುಮೇಹವಿದೆ.,3
ನಾನು ಇನ್ನು ಮುಂದೆ ಅಧ್ಯಯನ ಮಾಡಲು ಸಾಧ್ಯವಿಲ್ಲ. ನಾನು ತುಂಬಾ ಒತ್ತಡದಲ್ಲಿದ್ದೇನೆ.,3
ಅವಳು ಕಾರು ಅಪಘಾತದಲ್ಲಿ ತನ್ನ ಚಿಕ್ಕಪ್ಪನನ್ನು ಕಳೆದುಕೊಂಡಳು.,3
ಕೂಡಲೇ ಆಕೆಯನ್ನು ಆಸ್ಪತ್ರೆಗೆ ದಾಖಲಿಸಬೇಕಿತ್ತು.,3
ನಿನ್ನೆ ರಾತ್ರಿ ಯಾರೋ ಮನೆಗೆ ನುಗ್ಗಿ ನನ್ನ ಲ್ಯಾಪ್‌ಟಾಪ್ ಕದ್ದಿದ್ದಾರೆ.,3
ಅವರ ಗ್ರಾಹಕ ಸೇವೆ ಭಯಾನಕವಾಗಿತ್ತು.,3
ನಾನು ನನ್ನ ತಂದೆಯ ನೆಚ್ಚಿನ ಗಡಿಯಾರವನ್ನು ಮುರಿದುಬಿಟ್ಟೆ.,3
ಸಮಯಕ್ಕೆ ಸರಿಯಾಗಿ ನಿಯೋಜನೆಯನ್ನು ಸಲ್ಲಿಸದಿದ್ದಕ್ಕಾಗಿ ನನ್ನ ಶಿಕ್ಷಕರು ನನ್ನನ್ನು ಗದರಿಸಿದ್ದರು.,3
ಅವಳ ಸಹೋದರ ಅವಳಿಗೆ ಹುಟ್ಟುಹಬ್ಬದ ಉಡುಗೊರೆಯನ್ನು ತರಲು ಮರೆತಿದ್ದಾನೆ.,3
ನಾಯಿ ಮಗುವನ್ನು ಪ್ರೀತಿಸುತ್ತಿತ್ತು. ಅದು ತುಂಬಾ ಬೇಗ ಸತ್ತುಹೋಯಿತು.,3
ನನ್ನ ಬೆಕ್ಕು ವಯಸ್ಸಾಗಿತ್ತು. ನಿನ್ನೆ ರಾತ್ರಿ ಆಕೆ ಸಾವನ್ನಪ್ಪಿದ್ದಾಳೆ.,3
ನಾನು ಸಂಪೂರ್ಣವಾಗಿ ಭಯಭೀತನಾಗಿದ್ದೇನೆ. ಅವಳು ನನ್ನ ಪ್ರಸ್ತಾಪವನ್ನು ತಿರಸ್ಕರಿಸುವುದಿಲ್ಲ ಎಂದು ನಾನು ಭಾವಿಸುತ್ತೇನೆ.,3
ಅವಳ ಮನೆಯವರು ನನ್ನನ್ನು ದ್ವೇಷಿಸುತ್ತಾರೆ ಮತ್ತು ನಾನು ಅವಳನ್ನು ಮದುವೆಯಾಗಲು ಬಿಡುವುದಿಲ್ಲ.,3
ನನ್ನ ತಾಯಿ ನನ್ನ ದಿನಚರಿ ಓದಿದರು. ನಾನು ಮತ್ತೆ ಬರೆಯುವುದಿಲ್ಲ.,3
ಅಂದುಕೊಂಡಂತೆ ಸಭೆ ನಡೆಯಲಿಲ್ಲ. ನಮ್ಮ ಮಾತು ಮುಗಿಸಲೂ ಬಿಡಲಿಲ್ಲ.,3
ಅಜ್ಜ ಅಸ್ವಸ್ಥರಾಗಿರುವ ಕಾರಣ ರಜೆಯ ಯೋಜನೆಗಳನ್ನು ರದ್ದುಗೊಳಿಸಲಾಗಿದೆ.,3
ನನ್ನ ಹುಟ್ಟುಹಬ್ಬದ ಮೊದಲು ನನ್ನ ಅಜ್ಜ ತೀರಿಕೊಂಡರು.,3
ಆಕೆಯ ಮರಣದ ನಂತರ ಅವನು ಅವಳ ಬಟ್ಟೆಗಳನ್ನು ಸುಟ್ಟು ಹಾಕಿದನು.,3
ನಾನು ವಿಮಾನ ನಿಲ್ದಾಣದಲ್ಲಿ ಕಳೆದುಹೋದೆ.,3
ವಿಮಾನ ನಿಲ್ದಾಣವು ದೊಡ್ಡದಾಗಿದೆ ಆದರೆ ಕಳಪೆ ನಿರ್ವಹಣೆಯಾಗಿದೆ.,3
ವಾಹನವನ್ನು ಕಳಪೆ ನಿರ್ವಹಣೆ ಮಾಡಲಾಗಿತ್ತು. ಬ್ರೇಕ್ ಸರಿಯಾಗಿ ಕಾರ್ಯನಿರ್ವಹಿಸದ ಕಾರಣ ಇತರ ಪ್ರಯಾಣಿಕರು ಗಾಯಗೊಂಡಿದ್ದಾರೆ.,3
ನಾನು ಎಲ್ಲಿಯೂ ಸೇರಿಲ್ಲ ಎಂದು ನನಗೆ ಅನಿಸುತ್ತದೆ. ಖಿನ್ನತೆ ಅನಿಸುವುದು ಇದೇನಾ?,3
ನಾನು ಇನ್ನು ಮುಂದೆ ಇದನ್ನು ಸಹಿಸಲಾರೆ. ನನಗೆ ಜೀವನದಲ್ಲಿ ದೊಡ್ಡ ಬದಲಾವಣೆ ಬೇಕು.,3
ನಾನು ಇನ್ನು ಮುಂದೆ ಲಿಸಾಳೊಂದಿಗೆ ಸ್ನೇಹಿತರಲ್ಲ. ನಾನು ಅವಳನ್ನು ತುಂಬಾ ಇಷ್ಟಪಟ್ಟೆ.,3
ಒಂದು ಗಂಟೆ ಟ್ರಾಫಿಕ್‌ನಲ್ಲಿ ಸಿಲುಕಿಕೊಂಡಿದ್ದೆ. ನಾನು ಗಡುವನ್ನು ತಪ್ಪಿಸಿಕೊಂಡೆ.,3
ನಾನು ನಿಜವಾಗಿಯೂ ನನ್ನ ಸ್ನೇಹಿತರನ್ನು ಕಳೆದುಕೊಳ್ಳುತ್ತೇನೆ. ನಾನು ಈ ವಾರ ಅವರೊಂದಿಗೆ ಏನನ್ನಾದರೂ ಯೋಜಿಸಬೇಕು.,3
ಪ್ರವಾಹದಲ್ಲಿ ಗ್ರಾಮಸ್ಥರು ಜಾನುವಾರುಗಳನ್ನು ಕಳೆದುಕೊಂಡಿದ್ದಾರೆ.,3
ಭಾರೀ ಪ್ರವಾಹದಿಂದಾಗಿ ಎಲ್ಲಾ ಬೆಳೆಗಳು ನಾಶವಾಗಿವೆ.,3
ಅವಳ ನಾಯಿ ಇಡೀ ವಾರ ಹಸಿವಿನಿಂದ ಬಳಲುತ್ತಿತ್ತು.,3
ನನ್ನ ತೋಟದ ಎಲ್ಲಾ ಹೂವುಗಳು ಬಾಡಿಹೋದವು.,3
ನಾನು ನನ್ನ ತಾಯಿಯ ಕ್ರೆಡಿಟ್ ಕಾರ್ಡ್ ಕಳೆದುಕೊಂಡೆ.,3
ನಾನು ಲೆಸ್ಬಿಯನ್ ಆಗಿರುವುದರಿಂದ ನನ್ನ ತಾಯಿ ನನ್ನನ್ನು ತೊರೆದರು.,3
ನನ್ನ ಜನ್ಮದಿನವನ್ನು ಆಚರಿಸುವುದು ನನ್ನ ಹೆತ್ತವರಿಗೆ ಇಷ್ಟವಿಲ್ಲ.,3
ನಾನು ಇನ್ನೂ ಅವನನ್ನು ಪ್ರೀತಿಸುತ್ತೇನೆ ಆದರೆ ಅವನು ನನ್ನನ್ನು ಗೌರವಿಸುವುದಿಲ್ಲ.,3
ಎಲ್ಲಾ ತಾಯಂದಿರು ಪ್ರೀತಿಸುತ್ತಾರೆ ಆದರೆ ಅವರ ತಾಯಿ ಕ್ರೂರಿ.,3
ಅವರು ನನ್ನಿಂದ ಸಾಲ ಪಡೆದ ಹಣವನ್ನು ಕಳೆದುಕೊಂಡರು.,3
ಆತ ತಲೆಮರೆಸಿಕೊಂಡಿದ್ದಾನೆ. ಅವರು ಬಹಳಷ್ಟು ಜನರಿಗೆ ಬಹಳಷ್ಟು ಹಣವನ್ನು ನೀಡಬೇಕಾಗಿದೆ.,3
ಅವಳು ದುಃಖದಲ್ಲಿದ್ದಾಳೆ. ಅವಳ ತಂದೆ ಅವಳ ದೊಡ್ಡ ಬೆಂಬಲಿಗರಾಗಿದ್ದರು.,3
ಒಬ್ಬ ವ್ಯಕ್ತಿ ನಿನ್ನೆ ನನ್ನ ಹಿಂದೆ ನಡೆದರು. ಅವರು ನನ್ನ ಚಿಕ್ಕಪ್ಪನಂತೆಯೇ ಕಾಣುತ್ತಿದ್ದರು.,2
ನನ್ನ ಚಿಕ್ಕಪ್ಪ ತನ್ನ ಸ್ನೇಹಿತನ ಲ್ಯಾಪ್ಟಾಪ್ ಅನ್ನು ಮುರಿದರು.,2
ಅವರು ಊಟಕ್ಕೆ ಮುಂಚಿತವಾಗಿ ಸಲಾಡ್ ಬಡಿಸಿದರು.,2
ನನ್ನ ತಾಯಿ ಪ್ರತಿದಿನ ಮಲಗುತ್ತಾಳೆ.,2
ನಾನು ಅಂಗಡಿಯಿಂದ ಖರೀದಿಸಬೇಕಾದ ವಸ್ತುಗಳ ಪಟ್ಟಿಯನ್ನು ಅಮ್ಮ ಬರೆದರು,2
ಕಪ್‌ಕೇಕ್‌ಗಳು ತಲಾ ಹದಿಮೂರು ರೂಪಾಯಿಗಳು,2
ನಾನು ಹಾಸಿಗೆಯ ಪಕ್ಕದ ಮೇಜಿನ ಮೇಲೆ ಕೀಲಿಯನ್ನು ಕಂಡುಕೊಂಡೆ.,2
ಪರೀಕ್ಷೆಯ ದಿನಾಂಕದ ಮೊದಲು ನಾನು ನಿಜವಾಗಿಯೂ ಫೋಟೋವನ್ನು ಪಡೆಯಬೇಕು.,2
ಈ ಸೆಮಿಸ್ಟರ್‌ನಲ್ಲಿ ನಾನು ನಾಲ್ಕು ತರಗತಿಗಳಿಗೆ ಹಾಜರಾಗಬೇಕಾಗಿದೆ.,2
ಜೇನುತುಪ್ಪ ಮತ್ತು ಉಪ್ಪುನೀರು ನೋಯುತ್ತಿರುವ ಗಂಟಲನ್ನು ಗುಣಪಡಿಸುತ್ತದೆ.,2
ಪೋಪ್ ಆದೇಶದ ಮೇರೆಗೆ ಸಂದೇಶಗಳನ್ನು ಕಳುಹಿಸಲಾಗಿಲ್ಲ.,2
ಕಾಫಿಗೆ ಒಂದು ಲ್ಯಾಕ್ಟೋಸ್ ಮಾತ್ರೆ ಸಾಕಾಗುವುದಿಲ್ಲ,2
ರಾತ್ರಿಯಿಡೀ ಏಕಸ್ವಾಮ್ಯ ಆಡಿದೆವು.,2
ನನ್ನ ಸ್ನೇಹಿತ ಕುಡಿದಿದ್ದಾನೆ. ಅವನು ನನಗೆ ಸಂದೇಶ ಕಳುಹಿಸುತ್ತಿದ್ದಾನೆ.,2
ಇನ್ನೊಬ್ಬ ವ್ಯಕ್ತಿಗೆ ಸಂಪೂರ್ಣವಾಗಿ ಕಲ್ಪನೆಯಿಲ್ಲದಿದ್ದಾಗ ಮೋಸ ಮಾಡುವುದು ಹೆಚ್ಚು ಮೋಜು ಅಲ್ಲ,2
ಅವರು ಕೆಲಸಕ್ಕೆ ಸಿದ್ಧರಾಗುತ್ತಿದ್ದಾರೆ.,2
ಇದು ವಾರದ ಕೊನೆಯ ತರಗತಿ.,2
ಪ್ರತಿಭಟನಾಕಾರರನ್ನು ತಪ್ಪಿಸಲು ಚರ್ಚ್‌ಗೆ ಹೋಗುವ ರಸ್ತೆಗಳನ್ನು ನಿರ್ಬಂಧಿಸಲಾಗಿದೆ.,2
ನಾನು ದಂತವೈದ್ಯರ ಬಳಿ ಇದ್ದೇನೆ. ನನ್ನ ಹಲ್ಲಿನಲ್ಲಿ ರಂಧ್ರವಿದೆ,2
ನೀವು ಇಲ್ಲದೆ ನಾನು ಹೋಗಲು ಸಾಧ್ಯವಿಲ್ಲ.,2
ಸ್ವಲ್ಪ ಹೊತ್ತು ಮಲಗಬೇಕು. ನಾನು ಇಂದು ರಾತ್ರಿ ಪ್ರಯಾಣಿಸಬೇಕು.,2
ನನ್ನ ಊಟವು ಈಗಾಗಲೇ ಪ್ಯಾಕ್ ಆಗಿದೆ,2
ನಾವು ಇಂದು ರಾತ್ರಿ ರೆಸ್ಟೋರೆಂಟ್‌ಗೆ ಹೋಗುತ್ತಿದ್ದೇವೆ.,2
ಪ್ರಯೋಗಾಲಯದಲ್ಲಿ ಸಾಕಷ್ಟು ಸೊಳ್ಳೆಗಳಿವೆ.,2
ನಾನು ಶಾಲೆಯಲ್ಲಿ ಊಟ ಮಾಡುತ್ತಿದ್ದೇನೆ.,2
ನಮಗೆ ಪ್ರತಿದಿನ ಆರು ಗಂಟೆಗಳ ಕಾಲ ಕಾಲೇಜು ಇದೆ.,2
ಹುಟ್ಟುಹಬ್ಬದ ಬ್ರಂಚ್ ಸ್ಥಳವನ್ನು ಹೇಗೆ ತಲುಪುವುದು ಎಂದು ನನಗೆ ತಿಳಿದಿಲ್ಲ,2
ಮೌಂಟ್ ಸಿನೈನಲ್ಲಿ ನನ್ನ ಸಹೋದರಿಯನ್ನು ನೋಡಲು ಹೋಗುತ್ತೇನೆ .... ಅವಳು ಇನ್ನೂ 24 ಗಂಟೆಗಳ ಕಾಲ ಅಲ್ಲಿದ್ದಾಳೆ.,2
ನನ್ನ ಮನಸ್ಸು 7 ಗಂಟೆಗೆ ಸ್ವಯಂಚಾಲಿತವಾಗಿ ಎಚ್ಚರಗೊಳ್ಳುತ್ತದೆ.,2
ನಾನು ನಿನ್ನೆ ಟಿವಿ ನೋಡುತ್ತಿದ್ದೆ ಮತ್ತು ನಿಮ್ಮನ್ನು ಟಿವಿಯಲ್ಲಿ ನೋಡಿದೆ.,2
ನಾನು ಅನೇಕ ಕೆಲಸಗಳನ್ನು ಮಾಡಲು ಇಷ್ಟಪಡುತ್ತೇನೆ. ಅದರಲ್ಲಿ ಓದು ಕೂಡ ಒಂದು,2
ಆದ್ದರಿಂದ ... ನಾನು ನಿಜವಾಗಿಯೂ ಇದೀಗ ಮನೆಯಲ್ಲಿರಲು ಬಯಸುತ್ತೇನೆ.,2
ಇನ್ನು ಮುಂದೆ ನೋಯಿಸದಂತೆ ನನ್ನ ಮೆದುಳನ್ನು ಮಶ್ ಆಗಿ ಪರಿವರ್ತಿಸಲು ಒಂದು ಪ್ರದರ್ಶನವನ್ನು ಹುಡುಕುತ್ತಿದ್ದೇನೆ,2
ಕೆಲವು ಪ್ರಶಸ್ತಿ ವಿಜೇತ ಚಲನಚಿತ್ರಗಳನ್ನು ಸೂಚಿಸಿ.,2
ಅವರು ಲೆಕ್ಸಿಂಗ್ಟನ್‌ಗೆ ಹೋಗಲು ಬಯಸುತ್ತಾರೆ,2
ಅವರು ಆಸ್ಟ್ರೇಲಿಯಾದಲ್ಲಿ ಉನ್ನತ ಶಿಕ್ಷಣವನ್ನು ಮಾಡಲು ಯೋಜಿಸುತ್ತಿದ್ದಾರೆ.,2
ನಾನು ಸ್ವಲ್ಪ ಬಿಸಿ ಆಹಾರವನ್ನು ಸೇವಿಸಿದೆ,2
ಆಹಾರ ಕೆಟ್ಟ ರುಚಿ ಇರಲಿಲ್ಲ. ಇದು ಸಹನೀಯ ಎಂದು ನಾನು ಭಾವಿಸುತ್ತೇನೆ.,2
ಕೇವಲ ಒಂದು ಗಂಟೆಯಲ್ಲಿ ಕೆಲಸಕ್ಕೆ ಹೋಗಬೇಕು,2
ನಾನು ಇಂದು ಸಂಜೆ 4 ಗಂಟೆಯ ಮೊದಲು ಮಲಗಬೇಕು ...,2
ನಾನು ಆಕ್ಷನ್ ಪ್ಲಾಟ್‌ಗಳನ್ನು ಇಷ್ಟಪಡುವುದಿಲ್ಲ ಮತ್ತು ನಾನು ಪ್ರಣಯದ ಕಥಾವಸ್ತುವನ್ನು ಇಷ್ಟಪಡುತ್ತೇನೆ ಎಂದು ಒಪ್ಪಿಕೊಳ್ಳುವುದು ಯಾವಾಗಲೂ ನಾನು ಸ್ತ್ರೀವಾದಿ ಕಾರಣವನ್ನು ಹಿಮ್ಮೆಟ್ಟಿಸುತ್ತಿದ್ದೇನೆ ಎಂದು ನನಗೆ ಅನಿಸುತ್ತದೆ.,2
ನಾನು ನನ್ನ ನಿಜವಾದ ಕೀಲಿಗಳನ್ನು ಮರಳಿ ಬಯಸುತ್ತೇನೆ,2
ಕೆಲವು ಇಂಟರ್ನೆಟ್ / ಜಾವಾಸ್ಕ್ರಿಪ್ಟ್ ಸಮಸ್ಯೆಯಿಂದಾಗಿ ನನಗೆ ರೆಸ್ಟೋರೆಂಟ್ ಸಿಟಿಯನ್ನು ಪ್ರವೇಶಿಸಲು ಸಾಧ್ಯವಾಗುತ್ತಿಲ್ಲ...,2
ನಾನು ಕೇವಲ 15 ನಿಮಿಷಗಳ ಕಾಲ ಸಭೆಯಲ್ಲಿ ಭಾಗವಹಿಸಿದ್ದೆ. ಹಾಹಾ,2
"ನಾನು ಸಂದೇಶಗಳಿಗಾಗಿ ನನ್ನ ಫೋನ್ ಅನ್ನು ಪರಿಶೀಲಿಸಲು ಹೋದೆ. ಆಗ ನನಗೆ ನೆನಪಾಯಿತು, ಇನ್ನು ಮುಂದೆ ನನ್ನ ಬಳಿ ಫೋನ್ ಇಲ್ಲ",2
ನಾನು ಸುಶಿಯನ್ನು ಕೆಲಸಕ್ಕೆ ತಲುಪಿಸಬಹುದೆಂದು ನಾನು ಬಯಸುತ್ತೇನೆ,2
ಏನು? ನೀವು ಇನ್ನು ಮುಂದೆ ಎರಡು ಬ್ಲಾಕ್‌ಗಳ ದೂರದಲ್ಲಿ ಇರುವುದಿಲ್ಲವೇ?,2
ವೋರ್ಸೆಸ್ಟರ್‌ನಿಂದ ಹಿಂತಿರುಗಿ. ನನ್ನ ಕೆಲಸದ ವಾರವು ಶುಕ್ರವಾರ 2:30 ಕ್ಕೆ ಪ್ರಾರಂಭವಾಗುತ್ತದೆ.,2
ಇಂಟರ್ನ್‌ಗಳೊಂದಿಗೆ ಕೊನೆಯ ಊಟ,2
ಅವರ ಪಾರ್ಸೆಲ್ ಅನ್ನು ಕಳುಹಿಸಲಾಗಿದೆ ಎಂದು ದಯವಿಟ್ಟು ಅವರಿಗೆ ತಿಳಿಸಿ.,2
ನಿಮ್ಮ ತಾಯಿಗೆ ಏನಾಯಿತು ಎಂದು ನಾನು ಕೇಳಿದೆ. ಪರವಾಗಿಲ್ಲ. ಮುಂತಾದ ವಿಷಯಗಳು ಸಾಕಷ್ಟು ಸಾಮಾನ್ಯವಾಗಿದೆ.,2
ನನ್ನ ಮಗು ಬೆಳೆಯುತ್ತಿದೆ.,2
ಕ್ರೀಡಾ ದಿನದಂದು ಹಲವು ಕಾರ್ಯಕ್ರಮಗಳಲ್ಲಿ ಭಾಗವಹಿಸಿದ್ದೆ.,2
ಹೌದು ಆ ಭಾವನೆ ನನಗೆ ಗೊತ್ತು,2
ದಯವಿಟ್ಟು ಗಾಜನ್ನು ಬಿಯರ್ ತುಂಬಿಸಿ,2
ಸಮಾರಂಭಕ್ಕೆ ಏನು ಧರಿಸಬೇಕೆಂದು ನನಗೆ ತಿಳಿದಿಲ್ಲ.,2
ಇದೀಗ ಅವರು St.John's Street ಬಳಿ ಎಲ್ಲೋ ಸಿಕ್ಕಿಹಾಕಿಕೊಂಡಂತೆ ತೋರುತ್ತಿದೆ.,2
ಪೋರ್ಚುಗೀಸ್ ರಾಷ್ಟ್ರೀಯ ಗ್ರಂಥಾಲಯವೂ ಇದನ್ನು ಬಳಸಬಹುದು.,2
ಒಂದು ಸಾಮಾನ್ಯ ದಿನದಲ್ಲಿ ನಾನು ಈಗಾಗಲೇ ಕೆಲಸವನ್ನು ಮುಗಿಸಿದ್ದೇನೆ ... ದುರದೃಷ್ಟವಶಾತ್ ಇದು ಸಾಮಾನ್ಯ ದಿನವಲ್ಲ. ಅಂದರೆ ನಾನು ತಡವಾಗಿ ಆಫೀಸ್‌ನಲ್ಲಿ ಇರುತ್ತೇನೆ.,2
ನಾನು ಆಟಕ್ಕೆ ನನ್ನ ಕಂಪ್ಯೂಟರ್‌ನಲ್ಲಿ ಜಾಗವನ್ನು ಸಹ ಮಾಡಬೇಕು. ನಾನು ಸದ್ಯಕ್ಕೆ ಸಿಮ್ಸ್ 3 ಗಾಗಿ ಕನಿಷ್ಠ ಅವಶ್ಯಕತೆಗಳನ್ನು ಪೂರೈಸುತ್ತಿಲ್ಲ,2
ಆಸ್ಥಾನದ ವಿಡಂಬನಕಾರನು ಮೊದಲಿನಂತೆ ತಮಾಷೆಯಾಗಿರಲಿಲ್ಲ.,2
ಪರೀಕ್ಷೆಗಳು ಮುಗಿದಿವೆ...ಈಗ ಬೇಸಿಗೆ ಶಾಲೆಯತ್ತ ಗಮನಹರಿಸುತ್ತಿದೆ..ಜೀವನ!!,2
ನಾನು ವಿಪಿಗೆ ಹೋಗಲು ಬಯಸುತ್ತೇನೆ ಆದರೆ ಯಾರೂ ನನ್ನೊಂದಿಗೆ ಬರಲು ಸಿದ್ಧರಿಲ್ಲ.,2
ನಮ್ಮಲ್ಲಿ ಯಾರೂ ಕಾಫಿ ವಿರಾಮವನ್ನು ಬಯಸುವುದಿಲ್ಲ,2
ನೀವು ನನ್ನನ್ನು ಮನೆಗೆ ಬಿಡಬಹುದೇ?,2
ನನಗೆ ಟ್ಯಾಕೋ ಖರೀದಿಸಿ! ಹಾಹಾ. ನಾನು ಸಾಲಿನಲ್ಲಿ ನಿಲ್ಲಲು ಬಯಸುವುದಿಲ್ಲ,2
ಯೋಜನೆ ಬಗ್ಗೆ ಏನು?,2
ಊಟದ ನಂತರ ನನಗೆ ಐಸ್ ಕ್ರೀಮ್ ಬೇಕು.,2
ನಾನು ಯಾವಾಗಲೂ ಹಸಿವಿನಿಂದ ಇರುತ್ತೇನೆ ಆದರೆ ಈಗ ನನಗೆ ತಿನ್ನಲು ಸಹ ಅನಿಸುವುದಿಲ್ಲ. ಇದು ಸಾಮಾನ್ಯವಲ್ಲ.,2
ನನ್ನ ಫೋನ್ ಅನ್ನು ಮನೆಯಲ್ಲಿ ಮರೆತುಬಿಟ್ಟೆ,2
ಚಿತ್ರದಲ್ಲಿ ಸಾಕಷ್ಟು ಡ್ರಾಮಾ ಇತ್ತು. ಪರವಾಗಿಲ್ಲ.,2
ಪ್ರವಾಸವನ್ನು ರದ್ದುಗೊಳಿಸಲಾಯಿತು. ಬದಲಿಗೆ ವಂಡರ್ಲಾಗೆ ಹೋಗುತ್ತಿದ್ದೇವೆ.,2
ನೀನು ಹಾಗೆ ಹೇಳುತ್ತೀಯಾ ಎಂದು ನನಗೆ ಭಯವಾಯಿತು.,2
ನಾನು ದತ್ತು ಪಡೆಯಲು ಕೆಲವು ಪೇಪರ್‌ಗಳನ್ನು ಭರ್ತಿ ಮಾಡುತ್ತಿದ್ದೇನೆ.,2
ಅವಳ ಎಲ್ಲಾ ಒಡಹುಟ್ಟಿದವರನ್ನು ದತ್ತು ತೆಗೆದುಕೊಳ್ಳಲಾಗಿದೆ.,2
ಅವರು ಇಬ್ಬರು ವಿಶೇಷ ಸಾಮರ್ಥ್ಯದ ಮಕ್ಕಳಿಗೆ ಸಾಕು ಪೋಷಕರು.,2
ನಿಮ್ಮ ಗಿಟಾರ್ ತನ್ನಿ. ನಾವು ಸಂಗೀತವನ್ನು ಕೇಳಲು ಇಷ್ಟಪಡುತ್ತೇವೆ,2
ಅವನು ಯಾವಾಗಲೂ ಕೆಲಸದಲ್ಲಿ ಇರುತ್ತಾನೆ.,2
ನಾನು ಪ್ರತಿದಿನ ಬೆಳಿಗ್ಗೆ ಉಪಾಹಾರಕ್ಕಾಗಿ ಧಾನ್ಯಗಳನ್ನು ತಿನ್ನುತ್ತೇನೆ.,2
ಮನೆಕೆಲಸಗಳಲ್ಲಿ ನನಗೆ ಸಹಾಯ ಮಾಡಲು ಯಾರಾದರೂ ಬೇಕು.,2
ನನ್ನ ತಾಯಿಗೆ ಸ್ವಲ್ಪ ಆಹಾರವನ್ನು ತೆಗೆದುಕೊಳ್ಳಲು ನನ್ನ ಮನೆಗೆ ಹಿಂತಿರುಗಿ.,2
ನೀವು ಏನನ್ನಾದರೂ ಓದಲು ಯೋಜಿಸುತ್ತಿದ್ದೀರಾ?,2
ಮುಟ್ಟಿನ ಬಗ್ಗೆ ಮಾತನಾಡುವುದು ನಿಷೇಧ ಎಂದು ಪರಿಗಣಿಸಲಾಗುತ್ತದೆ.,2
ಇಂದು ಹೆಚ್ಚಿನ ವ್ಯಕ್ತಿಗಳು ಸ್ವತಂತ್ರರಾಗಿದ್ದಾರೆ.,2
ನೀವು ಬೆಕ್ಕನ್ನು ದತ್ತು ತೆಗೆದುಕೊಳ್ಳಬಹುದೇ?,2
ಬೀದಿ ನಾಯಿಯನ್ನು ದತ್ತು ತೆಗೆದುಕೊಳ್ಳಬಹುದೇ?,2
ನಮ್ಮ ಗ್ರಾಮದಲ್ಲಿ ಸಾಕಷ್ಟು ಬೀದಿ ನಾಯಿಗಳಿವೆ.,2
ನಾನು ಪಕ್ಕದಲ್ಲಿ ವಾಸಿಸುವ ಕುಟುಂಬದೊಂದಿಗೆ ಸ್ನೇಹಿತರಾಗಿದ್ದೇನೆ.,2
ನಾನು ಪ್ರದರ್ಶನದ ಸಾಲುಗಳನ್ನು ನೆನಪಿಟ್ಟುಕೊಳ್ಳಬೇಕು.,2
ಆತ್ಮೀಯ ಸ್ನೇಹಿತೆ ಒಂದು ಉತ್ತಮ ದಿನ,1
ಹ್ಞಾಂ ಈ ಬೆಳಿಗ್ಗೆ ನಾನು ಉತ್ತಮವಾಗಿ ಭಾವಿಸುತ್ತೇನೆ ,1
ಹುರ್ರೇ! ನಾನು ಪಂದ್ಯದ ಟಿಕೆಟ್ ಗಳನ್ನು ಪಡೆದಿದ್ದೇನೆ. ಕಾಯಲು ಸಾಧ್ಯವಿಲ್ಲ!,1
ಎಲ್ಲರೂ! ನಾವು ಹೊಸ ಮನೆಯನ್ನು ಖರೀದಿಸುತ್ತಿದ್ದೇವೆ. ಇದು ಸುಂದರವಾದ 2 ಅಂತಸ್ತಿನ ಮನೆಯಾಗಿದೆ. ನಮ್ಮ ಹೌಸ್ ವಾರ್ಮಿಂಗ್ ಸಮಾರಂಭಕ್ಕೆ ಭೇಟಿ ನೀಡಿ,1
 ನಾನು ನಿಮ್ಮೊಂದಿಗೆ ಮುದ್ದಾಡಲು ಮತ್ತು ಮುದ್ದಾಡಲು ಬಯಸುತ್ತೇನೆ!,1
 ಹೌದು  ವಿಷಯಗಳು ಸರಿಯಾಗಿವೆ  ಹೆಚ್ಚುಕಡಿಮೆ ಒಂದೇ ಆಗಿವೆ. ನಾನು ನಿಧಾನವಾಗಿ ವಿಷಯಗಳನ್ನು ವಿಂಗಡಿಸುತ್ತಿದ್ದೇನೆ.. :),1
ಈ ಪೇಂಟಿಂಗ್ ಅನ್ನು ಇಂದು ಮುಗಿಸಿದೆ! ಈಗ ನನ್ನ ಕೈಗಳನ್ನು ತೊಳೆಯಲು ಹೋಗುತ್ತಿದ್ದೇನೆ ಹಾಹಾ,1
ಹೇಯ್ ನೀವು ಮುಂದಿನ ವಾರ ಹಿಂತಿರುಗಿದ್ದೀರಿ! ,1
ಈಗಷ್ಟೇ ಮೂಗಿನಲ್ಲಿ ರಕ್ತಸ್ರಾವವಾಗಲು ನಾನು ಎಷ್ಟು ರೋಮಾಂಚನಗೊಂಡಿದ್ದೇನೆಂದು ನಿಮಗೆ ಹೇಳಲು ಸಾಧ್ಯವಿಲ್ಲ.  ವಯಸ್ಸಿನಲ್ಲಿ ಮೊದಲ ಬಾರಿಗೆ.  ಅತಿಯಾದ ಸಂತೋಷವು ಅದನ್ನು ಮುಚ್ಚುವುದಿಲ್ಲ. ,1
ಇಲ್ಲಿ ಮಂಜು ಮುಸುಕಿದ ವಾತಾವರಣವಿದೆ.,1
 ಹಾಹಾ! ಒಳ್ಳೆಯದು! ಎಂಜಾಯ್ ಗೊಂಬೆಯನ್ನು ಸವಿಯಿರಿ! ನಾನು ಶೀಘ್ರದಲ್ಲೇ ನಿಮ್ಮನ್ನು ನೋಡುತ್ತೇನೆ ಎಂದು ಭಾವಿಸುತ್ತೇನೆ! ನಾನು ನಿಮ್ಮ ಮುಖವನ್ನು ಮಿಸ್ ಮಾಡಿಕೊಳ್ಳುತ್ತೇನೆ!,1
ಸರಿ ನಾನು ಈಗ ಪ್ರಯತ್ನಿಸಲಿದ್ದೇನೆ ಮತ್ತು ಮಲಗುತ್ತೇನೆ ನಾನು ನಾಳೆ 9 ಕ್ಕೆ ಕೆಲಸದಲ್ಲಿರುತ್ತೇನೆ ಮತ್ತು ನಂತರ ವಾರಾಂತ್ಯವು ಪ್ರಾರಂಭವಾಗುತ್ತದೆ!!,1
ಯಮ್ಮಿ ಚಾಕೊಲೇಟ್ ಕೇಕ್.. ನನ್ನ ಬಿ'ಡೇಗಾಗಿ ನಾನು ಸಹ ಒಂದನ್ನು ಪಡೆಯಬೇಕೆಂದು ಬಯಸುತ್ತೇನೆ!!   ಯಾರಾದರೂ ಕೇಳುತ್ತಾರೆ???,1
ಇಂದು ಸಂಜೆ ಮನಿಲಾಗೆ ಹಿಂದಿರುಗುತ್ತಿದ್ದೇನೆ. ನನ್ನ ಎಲ್ಲಾ ಪ್ರವಾಸಗಳು ಅದ್ಭುತವಾಗಿದ್ದವು,1
ನಿಮ್ಮ ವೀಡಿಯೊಗಳನ್ನು ಪ್ರೀತಿಸಿ ,1
ವಾವ್ ಡ್ಯೂಡ್! ಹೌದು  ನಿಮ್ಮ ದರ ಇನ್ನೂ 2.75 ಡಾಲರ್ ಎಂದು ನಾನು ಭಾವಿಸಿದ್ದೆ. ಲೋಲ್! ಹೌದು  ನನ್ನ ಹುಟ್ಟುಹಬ್ಬದ ಊಟಕ್ಕೆ ಯಾವಾಗ ಮತ್ತು ಪಾರ್ ಆಗುತ್ತೇನೆ ಎಂದು ಖಚಿತವಾಗಿಲ್ಲ.,1
ನನ್ನ ಕೇಬಲ್ ಅನ್ನು ಹೊಂದಿಸಿದೆ! ಗೆಲುವು!  ನನ್ನ ಬೀಗವನ್ನು ನನ್ನ ಬಾಗಿಲಿಗೆ ಹಾಕಿದೆ! ಗೆಲುವು! ಸ್ವಲ್ಪ ನಿರ್ಲಕ್ಷ್ಯದ ಭಾವನೆ... ಫೇಲ್.,1
ಪ್ರಾಣಿ ಕೇಂದ್ರಕ್ಕೆ ಸ್ವಲ್ಪ ಹಣವನ್ನು ದಾನ ಮಾಡಿದರು  ಅದರ ಬಗ್ಗೆ ನನಗೆ ತುಂಬಾ ಸಂತೋಷವಾಗಿದೆ!,1
ನಾನು ಚಳಿಯಿಂದ ಚೇತರಿಸಿಕೊಂಡೆ! ನಾನು ಅಂತಿಮವಾಗಿ ಕೆಲವು ಐಸ್ ಕ್ರೀಮ್ ಹಾಹಾವನ್ನು ಹೊಂದಬಹುದು,1
ಪೇಡೇ ಐ ಲವ್ ಯೂ!,1
ಕೆಲಸ ಮುಗಿಯುವ ತನಕ ಕಾಯುತ್ತಿದೆ. ಓಹ್ ಗೋಶ್,1
 ಎಲ್ಲರೂ ಚೆನ್ನಾಗಿದ್ದಾರೆ ಎಂದು ಭಾವಿಸುತ್ತೇನೆ!,1
ನನ್ನ ಹುಟ್ಟುಹಬ್ಬವನ್ನು ಆಚರಿಸಲು ವೆಗಾಸ್ ಗೆ ಅಡ್ಡದಾರಿಯೊಂದಿಗೆ ಸ್ಯಾನ್ ಡಿಯಾಗೋಗೆ ರಸ್ತೆ ಪ್ರವಾಸವನ್ನು ಯೋಜಿಸುತ್ತಿದ್ದೇನೆ! ತುಂಬಾ ಕೆಟ್ಟದಾಗಿದೆ ಇದು 7 ವಾರಗಳ ದೂರದಲ್ಲಿದೆ  ನಾನು ಈಗ ಹೋಗಲು ಬಯಸುತ್ತೇನೆ!,1
ಮೆರ್ರಿ ಕ್ರಿಸ್ಮಸ್!,1
ಅದೃಷ್ಟದ ಮಗು...,1
ಸ್ನೇಹಿತರೇ! ಬನ್ನಿ ಮತ್ತು ನನಗೆ ಮಸಾಜ್ ನೀಡಿ  ನನಗೆ ನಿದ್ರೆ ಮಾಡಲು ಸಾಧ್ಯವಿಲ್ಲ.,1
ಎಲ್ಲಾ ಮಡಕೆ ರಂಧ್ರಗಳನ್ನು ತುಂಬುವಲ್ಲಿ ಸರ್ಕಾರವು ಉತ್ತಮ ಕೆಲಸವನ್ನು ಮಾಡಿತು,1
ನಾನು ಎರಡು ಗಂಟೆಗಳ ಕಾಲ ಸ್ಕೇಟ್ ಆಡುತ್ತಿದ್ದೇನೆ!,1
ನಾನು ಕೂಡ  ಅವಳು ಆರಾಧ್ಯಳಾಗಿದ್ದಳು,1
 ನಾವು ನಿಮ್ಮ ಸ್ಪ್ಯಾನಿಷ್ ಅಭಿಮಾನಿಗಳ ತಾಣವಾಗಿದ್ದೇವೆ ಮತ್ತು ನಾವು ನಿಮ್ಮನ್ನು ಪ್ರೀತಿಸುತ್ತೇವೆ ,1
ಭಾರತದ ಬಗ್ಗೆ ನನಗೆ ತುಂಬಾ ಹೆಮ್ಮೆಯಿದೆ.,1
ಕರ್ನಾಟಕದ ರೈತರು ತಯಾರಿಸಿದ ಹೆಲ್ತ್ ಮಿಕ್ಸ್ ಪೌಡರ್ ನಿಜವಾಗಿಯೂ ರುಚಿಕರ ಮತ್ತು ಆರೋಗ್ಯಕರವಾಗಿದೆ. ಧನ್ಯವಾದಗಳು,1
ನಾನು ಕ್ರಿಸ್ ಮಸ್ ಸಮಯದಲ್ಲಿ ಇತರ ದೇಶಗಳಿಗೆ ಭೇಟಿ ನೀಡಲು ಬಯಸುತ್ತೇನೆ,1
ನಾನು ನಿನ್ನನ್ನು ಮಿಸ್ ಮಾಡಿಕೊಳ್ಳುತ್ತಿದ್ದೇನೆ ಸ್ವೀಟಿ!,1
ನೀವು ಆಸ್ಟ್ರೇಲಿಯಾಕ್ಕೆ ಬರುತ್ತಿದ್ದೀರಿ ಎಂದು ಬಯಸುತ್ತೇನೆ!,1
ನಾಳೆ ಮತ್ತೆ ಶುಕ್ರವಾರ ಎಂತಹ ಬಮ್ಮರ್!,1
 ಧನ್ಯವಾದಗಳು! ಅವರು ತಮ್ಮ ಅಂತಿಮ ತಪಾಸಣೆಯನ್ನು ಮುಗಿಸಿದ್ದಾರೆ  ಅವರು ಈಗ ಸಾಕಷ್ಟು ಉತ್ತಮವಾಗಿ ಕಾರ್ಯನಿರ್ವಹಿಸುತ್ತಿದ್ದಾರೆ. ಧನ್ಯವಾದ ದೇವರೆ.,1
ಇಂದು ಒಂದು ಫಾರ್ಮ್ ಗೆ ಭೇಟಿ ನೀಡಿದಾಗ  ನನಗೆ ಅಲ್ಲಿ ಕೇವಲ ಹ್ಹಾ ಮಾತ್ರ ಉಳಿಯಲು ಅನಿಸುತ್ತದೆ,1
ನನ್ನ ಪ್ರೀತಿಯ ಗೆಳೆಯ  ನಿಮ್ಮ ಪರೀಕ್ಷೆಗಳಿಗೆ ಆಲ್ ದಿ ಬೆಸ್ಟ್! ,1
ನೀವೆಲ್ಲರೂ ಮೋಜು ಮಾಡಬಹುದು!,1
ಬೇಸಿಗೆ ನಿಜವಾಗಿಯೂ ಕೊನೆಗೊಳ್ಳುತ್ತಿದೆ. ಮಳೆ ಬರುತ್ತಿದೆ.,1
ಇದು ನನ್ನ ಸಾರ್ವಕಾಲಿಕ ನೆಚ್ಚಿನ ಕಂತುಗಳಲ್ಲಿ ಒಂದಾಗಿದೆ,1
ತಮಾಷೆ,1
ನಾನು ಬಾಲ್ಕನಿಯಲ್ಲಿ ಕುಳಿತು ಚಹಾ ಕುಡಿಯಲು ಬಯಸುತ್ತೇನೆ,1
ನಾನು ಅಸಮಾಧಾನಗೊಂಡಿದ್ದೇನೆ ಆದ್ದರಿಂದ ನನ್ನ ಸ್ನೇಹಿತರು ನನ್ನನ್ನು ಹುರಿದುಂಬಿಸಿದರು! ನಾನು ಅವುಗಳನ್ನು ಪ್ರೀತಿಸುತ್ತೇನೆ,1
ಅವನು ಸುಂದರವಾಗಿ ಕಾಣುತ್ತಾನೆ! ನಾನು ಕಿರುಚುತ್ತೇನೆ,1
ಹೇಯ್ ನಾವು ಇಂದು ರಾತ್ರಿ ಪಾರ್ಟಿಯಲ್ಲಿ ನಿಮ್ಮನ್ನು ಮಿಸ್ ಮಾಡಿಕೊಂಡಿದ್ದೇವೆ! ನೀವು ಅಲ್ಲಿ ಇದ್ದಿದ್ದರೆ ಅದು ಹೆಚ್ಚು ವಿನೋದಮಯವಾಗಿರುತ್ತಿತ್ತು,1
ಒಂದು ನಾಯಿ ನನ್ನ ಮನೆಯವರೆಗೆ ನನ್ನನ್ನು ಹಿಂಬಾಲಿಸಲು ಪ್ರಾರಂಭಿಸಿತು!,1
ವಾವ್ ಎಂತಹ ಬಿಸಿಲಿನ ದಿನ  ಕೆಲವು ಅಳಿಸಿದ ಫೈಲ್ ಗಳನ್ನು ಮರುಪಡೆಯಲಾಗುತ್ತಿದೆ,1
ಅವಳ ಎಲ್ಲಾ ಸ್ನೇಹಿತರು ಎಲ್ಲಿಗೆ ಹೋದರು ಎಂದು ಆಶ್ಚರ್ಯ ಪಡುತ್ತಿದ್ದಾಳೆ...,1
 ಅವರು ಯಾವಾಗ ಮುಗಿಸುತ್ತಾರೆ?,1
ಮೂಲವು ತುಂಬಾ ದೊಡ್ಡದಾಗಿದೆ.,1
ಮನೆಕೆಲಸವನ್ನು ಮುಗಿಸುವುದು,1
ಓಹ್ ನಾನು ಆ ಬಿಸ್ಕತ್ತುಗಳನ್ನು ಪ್ರೀತಿಸುತ್ತೇನೆ!,1
ನನ್ನ ಪೋಷಕರು ಹೊಸ ಫೋನ್ ನೊಂದಿಗೆ ನನ್ನನ್ನು ಆಶ್ಚರ್ಯಗೊಳಿಸಿದರು!,1
ಸೌಂದರ್ಯವು ನೋಡುಗನ ಕಣ್ಣುಗಳಲ್ಲಿದೆ!,1
ನಾನು ಹೊಸ ಪುಸ್ತಕವನ್ನು ಪಡೆದಿದ್ದೇನೆ  ಇದು ಮ್ಯಾಕ್ ಬುಕ್ ಹಹಾಹಾ,1
ಅಯ್ಯೋ ಅಂತಹ ಮುದ್ದಾದ ಮಗು,1
ಇದು ಒಂದು ಸುಂದರವಾದ ದಿನ,1
ದೇವರು ದೊಡ್ಡವನು.,1
ಸುಂದರ ಮಹಿಳೆ!,1
ಇಂದು ತುಂಬಾ ನಕ್ಕರು ,1
ಇದು ಒಳ್ಳೆಯ ಉಪಾಯ! ನಾನು ಈ ವಿಧಾನವನ್ನು ಪ್ರಯತ್ನಿಸುತ್ತೇನೆ,1
ನಾನು ಹ್ಯಾರಿ ಪಾಟರ್ ಅನ್ನು ನೋಡುತ್ತಿದ್ದೇನೆ. ಅದರಿಂದ ಎಂದಿಗೂ ಬೇಸರಗೊಳ್ಳಲು ಸಾಧ್ಯವಿಲ್ಲ! ಲವ್ ಯೂ ಜೆಕೆ ರೌಲಿಂಗ್,1
ನಾನು ಆಯ್ಕೆಯಾಗಿದ್ದೇನೆ!,1
ನೀವು ಹೊಸ ಪಾಕವಿಧಾನವನ್ನು ಪರಿಶೀಲಿಸಿದ್ದೀರಾ?! ಇದು ನಿಜವಾಗಿಯೂ ರುಚಿಕರವಾಗಿದೆ ಎಂದು ನಾನು ಕೇಳಿದೆ,1
ಪ್ರಸ್ತುತ ಈ ಹಾಡಿನ ಗೀಳು,1
ಆ ಹುಡುಗರು ಅದ್ಭುತವಾಗಿದ್ದಾರೆ,1
ನಾವು ಅಮ್ಯೂಸ್ ಮೆಂಟ್ ಪಾರ್ಕ್ ಗೆ ಹೋದೆವು ಮತ್ತು ಆ ಭಯಾನಕ 3 ಡಿ ಚಲನಚಿತ್ರವನ್ನು ನೋಡಿದೆವು! ಆದರೂ ಇದು ಅದ್ಭುತವಾಗಿತ್ತು,1
ಇತ್ತೀಚಿನ ಫ್ಯಾಷನ್ ಪ್ರವೃತ್ತಿಗಳು 1950 ರ ದಶಕದಂತೆಯೇ ಇವೆ,1
ಅಯ್ಯೋ ಅಯ್ಯೋ! ನೀವು ಬೆರಗುಗೊಳಿಸುವಂತೆ ಕಾಣುತ್ತೀರಿ!,1
ನಾನು ಈ ಬಾರಿ ನನ್ನ ಎಲ್ಲಾ ಪರೀಕ್ಷೆಗಳನ್ನು ಎದುರಿಸಿದ್ದೇನೆ ಎಂದು ಹೇಳಲು ನನಗೆ ತುಂಬಾ ಸಂತೋಷವಾಗಿದೆ! ನಾನು ನನ್ನ ಭವಿಷ್ಯವನ್ನು ನಿರ್ಮಿಸುವತ್ತ ಗಮನ ಹರಿಸುತ್ತೇನೆ! ,1
ಇಲ್ಲಿ ತುಂಬಾ ಚಳಿ ಇದೆ! ಕ್ರಿಸ್ ಮಸ್ ಹತ್ತಿರದಲ್ಲಿದೆ ಎಂದು ನಾನು ಭಾವಿಸಬಹುದು,1
ನಾನು ನಿಜವಾಗಿಯೂ ಆ ಸಂಗೀತ ಕಚೇರಿಗೆ ಹೋಗಲು ಬಯಸುತ್ತೇನೆ,1
ವಿಶ್ರಾಂತಿ ದಿನ!,1
ನಿಮ್ಮ ವ್ಯಕ್ತಿತ್ವವು ಸುಂದರವಾಗಿದೆ,1
ನಾನೂ ಕೂಡ! ಯಾಯ್,1
ಅವನು ತುಂಬಾ ಸುಂದರವಾಗಿದ್ದಾನೆ  ನಾನು ಅವನನ್ನು ಹ-ಹಾವನ್ನು ಮದುವೆಯಾಗಲು ಬಯಸುತ್ತೇನೆ,1
ಪ್ರಿಯ  ದಯವಿಟ್ಟು ನನಗೆ ಸ್ವಲ್ಪ ನೀರು ತನ್ನಿ,1
ಸುಂದರ ನೆನಪುಗಳು,1
ನನ್ನ ಸ್ನೇಹಿತನ ಮನೆಯಲ್ಲಿ ಸ್ಲೀಪ್ ಓವರ್! ನಾವು ತುಂಬಾ ಆನಂದಿಸಲಿದ್ದೇವೆ,1
ನಮ್ಮ ಮನೆಯ ಬಳಿ ನವಿಲುಗಳನ್ನು ನೋಡಿದೆ!,1
ನನ್ನ ಮುಂದೆ ನಿಜವಾಗಿಯೂ ಬೆರಗುಗೊಳಿಸುವ ಮರ್ಸಿಡಿಸ್ ಬೆಂಝ್ ಇದೆ. ,1
ನಾನು ನಿಮ್ಮನ್ನು ಪ್ರೀತಿಸುತ್ತೇನೆ ಅಮ್ಮ ಮತ್ತು ತಂದೆ!,1
ನಾವು ಭೇಟಿಯಾಗೋಣ!,1
ನಾನು ಪೋಸ್ಟ್ ಮಾಡಲು ಒಂದು ನಿಮಿಷ ಹಿಡಿಯುತ್ತಿದ್ದೇನೆ ನನಗೆ ದುರಾಸೆಯ ಭಾವನೆ ತಪ್ಪಾಗಿದೆ,0
ನನಗೆ ಬೇಸರವಾಗುತ್ತಿದೆ,0
ಅತೃಪ್ತಿಯನ್ನು ಅನುಭವಿಸಲು ಇದು ವರ್ಷದ ಸುಲಭವಾದ ಸಮಯ ಎಂದು ನಾನು ಭಾವಿಸುತ್ತೇನೆ,0
ಯಾರೂ ಏನನ್ನೂ ಮಾಡದೆ ಅಥವಾ ಏನನ್ನೂ ಹೇಳದೆ ನಾನು ಕಿರಿಕಿರಿ ಮತ್ತು ತಿರಸ್ಕರಿಸಲ್ಪಟ್ಟಿದ್ದೇನೆ,0
ನಾನು ಸಾಮಾನ್ಯವಾಗಿ ಬೆಳಿಗ್ಗೆ ತಿನ್ನುವುದಿಲ್ಲವಾದ್ದರಿಂದ ನಾನು ಫಕ್ ಅಪ್ ಆಗಿದ್ದೇನೆ ಎಂದು ನನಗೆ ಈಗಾಗಲೇ ಅನಿಸುತ್ತದೆ,0
ಅವಳ ದೇಹದ ಅಳತೆಗಳು ಇತ್ಯಾದಿಗಳನ್ನು ಅಗಲವಾಗಿ ಮತ್ತು ಉದ್ದವಾಗಿ ವಿವರಿಸಬೇಕು ಎಂದು ಅವಳು ಭಾವಿಸುತ್ತಾಳೆ ಎಂದು ನನಗೆ ಸ್ವಲ್ಪ ಗಾಬರಿಯಾಗಿದೆ,0
ಈ ಕೋರ್ಸ್‌ಗೆ ಐಡಿ ಸಂಪೂರ್ಣವಾಗಿ ತಪ್ಪಾಗಿದೆ ಮತ್ತು ಎಂದಿಗೂ ನನಗೆ ಅಡ್ಡಿಯಾಗದ ಅಂಶವು ದಿನದಲ್ಲಿ ಅಂತಹ ಡೆಂಟ್ ಮಾಡಿದೆ ಎಂದು ನಿರಾಶೆಗೊಂಡ ಭಾವನೆಯಿಂದ ನಾನು ಬೆಟ್ಟವನ್ನು ಏರಿದೆ,0
ಉಡುಗೊರೆಗಳನ್ನು ಕೇಳಲು ವಯಸ್ಸಾದ ಸಂಭಾವಿತ ವ್ಯಕ್ತಿಗೆ ನಾನು ಸ್ವಲ್ಪ ಅಸಭ್ಯವಾಗಿ ಬರೆಯುತ್ತಿದ್ದೇನೆ ಏಕೆಂದರೆ ನನಗೆ ಸ್ವಲ್ಪ ದುರಾಸೆಯ ಭಾವನೆ ಇದೆ ಆದರೆ ಸೌಮ್ಯವಾದ ದುರಾಶೆಯಲ್ಲದಿದ್ದರೆ ಕ್ರಿಸ್ಮಸ್ ಎಂದರೇನು,0
ನಾನು ತಣ್ಣಗಾಗುವುದನ್ನು ನಿಲ್ಲಿಸಿದೆ ಮತ್ತು ಬಿಸಿಯಾಗಲು ಪ್ರಾರಂಭಿಸಿದೆ,0
ನಾನು ಸ್ವಾರ್ಥಿ ಮತ್ತು ಹಾಳಾಗಿದ್ದೇನೆ ಎಂದು ಭಾವಿಸುತ್ತೇನೆ,0
"ನನ್ನ ಹಿಂದಿನ ಪೋಸ್ಟ್‌ಗಳನ್ನು ನಾನು ಮತ್ತೆ ಓದುವಾಗ ನಾನು ಸ್ವಾರ್ಥಿ ಎಂದು ಭಾವಿಸುತ್ತೇನೆ ಹೇಗೆ ನಾನು ಇತರರಿಗಾಗಿ ಪ್ರಾರ್ಥನೆಯನ್ನು ಕೇಳಲಿಲ್ಲ, ನನ್ನ ಪ್ರಾರ್ಥನೆಗೆ ಮುಂಚಿತವಾಗಿ ಉತ್ತರಿಸಲು ಅರ್ಹವಾದ ಇತರರು ಅಲ್ಲಿರಬಹುದೆಂದು ನಾನು ಎಂದಿಗೂ ಪರಿಗಣಿಸಲಿಲ್ಲ",0
ಕೋಪಗೊಂಡ ಮಗು ಹಿಂಸಾತ್ಮಕವಾದಾಗ ಪೋಷಕರು ಅನುಭವಿಸುವ ನೋವು ನನಗೆ ತಿಳಿದಿದೆ,0
ನಾನು ಕೋಪ ಮತ್ತು ಉರಿಯುತ್ತಿರುವಂತೆ ಭಾವಿಸುತ್ತೇನೆ,0
ನಾನು ಪಟ್ಟಿಯನ್ನು ಮಾಡಬೇಕೆಂದು ನಾನು ಭಾವಿಸುತ್ತೇನೆ ಲೀನೆ ಆಲೋಚನೆಯಲ್ಲಿ ದಿಗಿಲುಗೊಳ್ಳುತ್ತೇನೆ ಆದ್ದರಿಂದ ನಾನು ಏನನ್ನೂ ಕಳೆದುಕೊಳ್ಳುವುದಿಲ್ಲ,0
"ನಾನು ದನ್ನಿಕಾಳನ್ನು ಶಾಲೆಗೆ ಕರೆದುಕೊಂಡು ಹೋದೆ, ನಾನು ಸ್ವಲ್ಪ ಧಾವಿಸುತ್ತಿದ್ದೆ ಮತ್ತು ನಾನು ಮೂಲೆಯನ್ನು ತಿರುಗಿಸಿದಾಗ ಇದು ನನ್ನನ್ನು ಸ್ವಾಗತಿಸಿತು",0
ಶೂಟರ್‌ನೊಂದಿಗೆ ನಾನು ತುಂಬಾ ಕೋಪಗೊಂಡಿದ್ದೇನೆ ಎಂದು ನನಗೆ ನೆನಪಿದೆ,0
"ನಾನು ಇಂದು ಕಹಿಯಾಗಿದ್ದೇನೆ, ಇಡೀ ದಿನ ನನ್ನ ಮನಸ್ಥಿತಿ ವಿಚಿತ್ರವಾಗಿದೆ ಆದ್ದರಿಂದ ನಾನು ಅದನ್ನು ಊಹಿಸುತ್ತೇನೆ",0
ನನಗೆ ಅನ್ಯಾಯ ಮಾಡಿದೆ ಎಂದು ನಾನು ಭಾವಿಸುವ ಯಾರ ಮೇಲೂ ಇರುವ ದ್ವೇಷವನ್ನು ನಾನು ಬಿಡುತ್ತಿದ್ದೇನೆ,0
ನಾನು ಕುಟುಂಬಕ್ಕೆ ವಿದಾಯ ಹೇಳುತ್ತೇನೆ ಅವರೆಲ್ಲರೂ ದುಃಖಿತರಾಗಿದ್ದಾರೆ ಮತ್ತು ನಾನು ಹೃದಯಹೀನ ಬಿಚ್ ಎಂದು ಭಾವಿಸುತ್ತೇನೆ ಏಕೆಂದರೆ ಹೇ ನಾನು ಮೊದಲ ಬಾರಿಗೆ ಹಾರಲು ಉತ್ಸುಕನಾಗಿದ್ದೇನೆ ಮತ್ತು ಇನ್ನೊಂದು ದೇಶದಲ್ಲಿ ಒಂದು ವರ್ಷ ಕಳೆಯಲು ನಿಮಗೆ ತಿಳಿದಿದೆ,0
ನಾನು ಬಿಚ್ಚಿ ಎಂದು ಭಾವಿಸುತ್ತೇನೆ ಆದರೆ ಇನ್ನೂ ಸೋತಿಲ್ಲ,0
ತನ್ನ ಉಳಿಸಿಕೊಳ್ಳುವವರ ಮೇಲೆ ಉಸಿರುಗಟ್ಟಿದ,0
ಗಾಗಾ ತನ್ನ ವೀಡಿಯೊ ಸೋರಿಕೆಯಿಂದ ಪ್ರಭಾವಿತನಾಗಲಿಲ್ಲ ಎಂದು ಟ್ವೀಟ್ ಮಾಡಿದ್ದಾರೆ,0
ಓಹ್ ತುಂಬಾ ಕೆಟ್ಟದು! ಇದು ಉತ್ತಮಗೊಳ್ಳುತ್ತದೆ ಎಂದು ನಾನು ಭಾವಿಸುತ್ತೇನೆ. ನನಗೂ ಇತ್ತೀಚೆಗೆ ನಿದ್ರೆಯ ಸಮಸ್ಯೆ ಕಾಡುತ್ತಿದೆ,0
"ನಾನು ಏನನ್ನೋ ತಿಂದುಬಿಟ್ಟೆ, ಅದು ಏನೆಂದು ನನಗೆ ತಿಳಿದಿಲ್ಲ... ನಾನು ಆಹಾರದ ಬಗ್ಗೆ ಏಕೆ ಹೇಳುತ್ತೇನೆ",0
"ನಾನು ಮನೆಗೆ ಹೋಗುವಾಗ  ಅಪ್ರಾಪ್ತ ವಯಸ್ಸಿನ ಹುಡುಗಿಯರನ್ನು ಹೊಂದಿದ್ದು, ಕೆಗ್ಗರ್‌ಗಳ ಬಗ್ಗೆ ಮಾತನಾಡುತ್ತಾ ಬಸ್‌ನಲ್ಲಿ ಜಿನ್ ಕುಡಿಯುತ್ತಿದ್ದೇನೆ",0
"ಡ್ಯಾಮ್ ಸರ್ವರ್‌ಗಳು ಇನ್ನೂ ಕೆಳಗಿಳಿದಿವೆ, ಎಲ್ಲಾ ಕಾಕ್ಸ್‌ಪರ್‌ಗಳು ನನ್ನನ್ನು ಹಾದುಹೋಗುವ ಮೊದಲು ನಾನು 80 ಅನ್ನು ಹೊಡೆಯಬೇಕಾಗಿದೆ",0
ನಾನು ಕ್ಯಾನ್ಸರ್ ಅನ್ನು ದ್ವೇಷಿಸುತ್ತೇನೆ. ನಾನು ಅದನ್ನು ದ್ವೇಷಿಸುತ್ತೇನೆ ನಾನು ಅದನ್ನು ದ್ವೇಷಿಸುತ್ತೇನೆ ನಾನು ಅದನ್ನು ದ್ವೇಷಿಸುತ್ತೇನೆ.,0
ಅವಳು ಮಧ್ಯರಾತ್ರಿಯಲ್ಲಿ ತನ್ನ ಕಂಪ್ಯೂಟರ್‌ನಲ್ಲಿ ಟೈಪ್ ಮಾಡಲು ಪ್ರಾರಂಭಿಸಿದಾಗ ಅದು ತುಂಬಾ ಕಿರಿಕಿರಿ!,0
ನನಗೆ ಇದೀಗ ಸ್ಕಾಟ್ ಅಗತ್ಯವಿದೆ,0
ಬೀದಿಯ ಮಧ್ಯದಿಂದ ಅವಳ ಬ್ಲ್ಯಾಕ್‌ಬೆರಿಯನ್ನು ಎತ್ತಿಕೊಂಡೆ! ಅವಳು ಮತ್ತು ಅದು ಎರಡೂ ಪುಡಿಪುಡಿಯಾಗಿದೆ!,0
ವರ್ಷದ ಈ ಸಮಯದಲ್ಲಿ ನಾನು ಪ್ಯಾಕಿಂಗ್ ಮಾಡಬೇಕು ಮತ್ತು ಹೊಡೆಯಬೇಕು ಎಂಬ ಭಾವನೆ ಏಕೆ ಇದೆ?,0
"ಬೆಡ್!!!!!... ಇದು ಸಮಯ,..... ನಾನು ನಾಳೆ ಶಾಲೆಗೆ ಹೋಗುತ್ತೇನೆ ಎಂದು ಭಾವಿಸುತ್ತೇನೆ, ಆದರೂ ಈಗ ನನಗೆ ತುಂಬಾ ಚೆನ್ನಾಗಿಲ್ಲ",0
"ಸರಿ, ನಾನು ದಾರಿಯಲ್ಲಿ ಕೆಲವು ವಿಷಯವನ್ನು ಕಲಿಯಬಹುದು ಎಂದು ನಾನು ಆಶಿಸುತ್ತಿದ್ದೆ. ... ನೀವು ಮತ್ತು ನಾನು ಏಕೆ ...",0
ನಾನು ಯಾಕೆ ತುಂಬಾ ದಣಿದಿದ್ದೇನೆ?,0
ಕೆಲಸದ ದಿನಗಳನ್ನು ತೆಗೆದುಕೊಳ್ಳಲು ಅಥವಾ ಪ್ರವಾಸವನ್ನು ತೆಗೆದುಕೊಳ್ಳಲು ಹಣವನ್ನು ಹೊಂದಿಲ್ಲದಿರುವುದು ತುಂಬಾ ದುಃಖವಾಗಿದೆ,0
ಒಮ್ಮೆ ಹಾಹಾ. ಬಡ ಅಬಿ ಇನ್ನೂ ನೋಯುತ್ತಾನೆ!,0
ಸಿಂಗಲ್ಸ್‌ಗಾಗಿ ಯಾವುದೇ ಕುಕ್ಸ್ ಆಯ್ಕೆಗಳೊಂದಿಗೆ ನಾನು ನಿಜವಾಗಿಯೂ ಸಂತೋಷವಾಗಿಲ್ಲ.,0
ಹಾಗಾಗಿ ನನ್ನ ಮಗನಿಗೆ ಜ್ವರ ಇರಬಹುದು ಎಂದು ನಾನು ಭಾವಿಸುತ್ತೇನೆ.,0
ರೇಬೀಸ್ ಬ್ಯಾಕ್ಟೀರಿನ್‌ಗಾಗಿ ನನ್ನ ದಾರಿಯಲ್ಲಿ ನನ್ನ ಬೆಕ್ಕಿನಿಂದ ರಕ್ತ ಕಚ್ಚಿದೆ. 2 ತಿಂಗಳ ಕಾಲ 7 ಹೊಡೆತಗಳನ್ನು ತೋರುತ್ತದೆ. ಎಂದಿಗೂ ತೊಳೆಯಬೇಡಿ ...,0
ಶಿನ್ ಎ ವಿವಾಹವಾದರು ಎಂದು ದುಃಖವಾಗಿದೆ ... ಮತ್ತು ಅದು ಅಲೆಕ್ಸ್‌ಗೆ ಅಲ್ಲ,0
"ನೀವು ಹಿಂತಿರುಗಿದಾಗ ಖಚಿತವಾಗಿ ನೀವು ಈ ಬಗ್ಗೆ ಟ್ವೀಟ್ ಮಾಡುತ್ತೀರಿ, ಆದರೆ ನೈಟ್ಸ್ ಎಲ್ ಬಗ್ಗೆ ಸುದ್ದಿಯು ಅಬ್ಬರಿಸಿದೆ",0
"ಮೂರ್ನಿಂಗ್ ಜನರೇ... ಸೂರ್ಯನು ಹೊರಬಂದಿದ್ದಾನೆ.. ಖಂಡಿತವಾಗಿ ಈಗ ವಸಂತಕಾಲ, ನಾವು ನಮ್ಮ ಮೊದಲ ವಸಂತ ಆಲಿಕಲ್ಲು ಚಂಡಮಾರುತವನ್ನು ಹೊಂದಿದ್ದೇವೆ",0
ಡ್ಯಾಮಿಟ್! ಹುಲು ಡೆಸ್ಕ್‌ಟಾಪ್ ನಮ್ಮ ಡೆಸ್ಕ್‌ಟಾಪ್‌ನಲ್ಲಿ ನಿರ್ದಿಷ್ಟ ಪೋರ್ಟ್‌ನೊಂದಿಗೆ ಮಾತನಾಡುವ ನನ್ನ ಸಾಮರ್ಥ್ಯವನ್ನು ಸಂಪೂರ್ಣವಾಗಿ ತಿರುಗಿಸಿದೆ...,0
ನನಗೆ ನಿದ್ದೆ ಬರುತ್ತಿಲ್ಲ...ಇಂದು ನನ್ನ ಜೊತೆ ಆಡಿದ ನಾಯಿ ಮರಿಯ ಬಗ್ಗೆ ಯೋಚಿಸುತ್ತಲೇ ಇರುತ್ತೇನೆ,0
ನಾನು ನಿದ್ದೆ ಮಾಡಬೇಕು. ಆದರೆ ನಾನು ಮಾಡಲು ಬಹಳಷ್ಟು ಇದೆ. ಹಾಡಿನ ಒಂದು ಭಾಗ ಸಿಕ್ಕಿಹಾಕಿಕೊಂಡಿದೆ...,0
ಬೇಸಿಗೆಯ ಕಾರಣ ಕಳೆದ ಒಂದು ತಿಂಗಳಿನಿಂದ ಚೆನ್ನೈ ಮಾರುಕಟ್ಟೆಗಳಲ್ಲಿ ಸ್ಟ್ರಾಬೆರಿ ಲಭ್ಯವಿಲ್ಲ!,0
"ಓಹ್, ಒಂದು ನಿಮಿಷ ತಡವಾಗಿಲ್ಲ! ಓಹ್ ಚೆನ್ನಾಗಿದೆ",0
"ಡ್ಯಾಮ್, ಅದು ಹೀರುತ್ತದೆ",0
ಎಸ್ ವೆಬ್‌ಸೈಟ್ ನನಗೆ ವೈರಸ್ ನೀಡಿತು! ನಾನು ಅದನ್ನು ತೆರೆದಾಗ ಹೆಚ್ಚಿನ ಕಿಟಕಿಗಳು ಪಾಪ್ ಅಪ್ ಆಗುತ್ತಲೇ ಇರುತ್ತವೆ,0
ಆಹ್! ದೊಡ್ಡ ಭಯಾನಕ ದೋಷವು ನನ್ನ ಕೋಣೆಯ ಸುತ್ತಲೂ ಹಾರುತ್ತಿದೆ !!!!!,0
"ಅಸಹ್ಯವಾದ ಕೆಮ್ಮಿನಿಂದ ಕೂಡಿದೆ, ನಾನು ಅನಾರೋಗ್ಯಕ್ಕೆ ಒಳಗಾಗುವುದಿಲ್ಲ, ನನಗೆ ದೊಡ್ಡ ವಾರಾಂತ್ಯವಿದೆ",0
ನನ್ನ ಮೂಗು ಹೊರಬಿದ್ದಿದೆ ಮತ್ತು ನಾನು ಅದನ್ನು ಕಂಡುಹಿಡಿಯಲಾಗಲಿಲ್ಲ ನಾನು ಇಂದು ಆಮ್‌ಸ್ಟರ್‌ಡ್ಯಾಮ್‌ಗೆ ಹೋಗಬೇಕಾಗಿದೆ ಎಂದು ತೋರುತ್ತಿದೆ,0
"ನಾನು ನಿದ್ರಿಸಲು ಸಾಧ್ಯವಿಲ್ಲ, ಆದರೆ ನನಗೆ ಚಲಿಸಲು ತುಂಬಾ ನೋಯುತ್ತಿದೆ",0
ಬಿಲ್ಡ್ ಸ್ಕ್ರಿಪ್ಟ್ ಹೇಗೆ ನಿಜವಾಗಿಯೂ ನೋವಿನಿಂದ ಕೂಡಿದೆ ಮತ್ತು ತೊಡಕಿನದ್ದಾಗಿರಬಹುದು ಎಂಬುದರ ಕುರಿತು ಹೊಸ ಮೆಚ್ಚುಗೆಯನ್ನು ಸಾಧಿಸುವುದು,0
"ನಾನು ಏನನ್ನೂ ಮಾಡಲು ಸಾಧ್ಯವಿಲ್ಲನನ್ನ ತಲೆ ತುಂಬಾ ನೋವುಂಟುಮಾಡುತ್ತದೆ, ನಾನು ಕಿರುಚಬಹುದು!",0
ನಾನು ಮೇಲಕ್ಕೆ ಹೋಗುತ್ತೇನೆ ಮತ್ತು ನಾನು ತುಂಬಾ ಆಯಾಸಗೊಂಡಿದ್ದೇನೆ ಮತ್ತು ನನ್ನ ವಾಯುಮಾತ್ರಗಳು ಎಲ್ಲೋ ಮುರಿದುಹೋಗಿವೆ ಮತ್ತು ಈಗ ನಾನು ಇನ್ನಷ್ಟು ನೋವಿನಲ್ಲಿದ್ದೇನೆ,0
ಹೊಸ ಕೆಲಸದ ಕ್ಷೇಮ ಸವಾಲು ಸರಿಯಾಗಿ ನಡೆಯುತ್ತಿಲ್ಲ. ರಾತ್ರಿ 10 ರಿಂದ ಬೆಳಗ್ಗೆ 6 ಗಂಟೆಯ ನಡುವೆ ಇಮೇಲ್ ಪರಿಶೀಲಿಸುವುದಿಲ್ಲ ಎಂದು ನಾನು ಬದ್ಧನಾಗಿದ್ದೇನೆ. ...,0
ಓ ಮನುಷ್ಯರೇ!!!!!!......ನಾನು ನಿಜವಾಗಿಯೂ ನನ್ನ ಮುಖವನ್ನು ನೋಡುತ್ತಿಲ್ಲ........ ಹುಡುಗರೇ!!!,0
"ನಾನು ನನ್ನ ವಯಸ್ಸನ್ನು ತೋರಿಸುತ್ತಿದ್ದೇನೆ. ಕಳೆದ ವಾರ ನನ್ನ ಟ್ಯಾಗ್‌ಗಳನ್ನು ನವೀಕರಿಸಲಾಗಿದೆ, $20 ಕಡಿಮೆಯಾಗಿದೆ. ಇಂದು ನನ್ನ ವಿಮೆ ನವೀಕರಣ ಇಮೇಲ್ ಸಿಕ್ಕಿತು,...",0
ನನ್ನ ಏಕೈಕ ಬೆಂಬಲಿಗ ನನ್ನ ಏಕೈಕ ಬೆಂಬಲಿಗನಲ್ಲ,0
ನಿಮ್ಮ ಎಲ್ಲಾ ಕೆಲಸಗಳನ್ನು ನೀವು ಮುಗಿಸಿದಾಗ ಮತ್ತು ಇನ್ನೂ 1.25 ಗಂಟೆಗಳ ಕೆಲಸದ ಸಮಯ ಉಳಿದಿರುವಾಗ ನೀವು ಅದನ್ನು ದ್ವೇಷಿಸಬೇಡಿ,0
ಅದನ್ನು ನಿಲ್ಲಿಸಿ ಹುಡುಗರೇ,0
ಇತರ ಜನರ ಜೀವನದ ಬಗ್ಗೆ ಟ್ಯಾಬ್ಲಾಯ್ಡ್‌ಗಳನ್ನು ಓದುವುದು ... ನನ್ನ ಮಗು ನನ್ನ ಮಗುವಾದಾಗ ನಾನು ಏನು ಮಾಡುತ್ತೇನೆ ಎಂದು ಯೋಚಿಸುತ್ತಿದ್ದೇನೆ ...,0
ಮುದ್ದಿನ ಮನೆಯಲ್ಲಿದ್ದ ವರ್ಷದ ಮಗು ತೀರಿಕೊಂಡಿತು... ಅವರ ಇಡೀ ಕುಟುಂಬಕ್ಕೆ ತುಂಬಾ ದುಃಖವಾಗಿದೆ,0
ನನ್ನ ಅಮ್ಮನ ಬಗ್ಗೆ ಕೆಟ್ಟ ಸುದ್ದಿ ಬಂದಿದೆ,0
ಕೆಲಸ ಮಾಡಲು ಅನಿಸುತ್ತಿಲ್ಲ ನಾನು ಇದನ್ನು ಆಗಾಗ್ಗೆ ಟ್ವೀಟ್ ಮಾಡುತ್ತೇನೆ ಎಂದು ನಾನು ಭಾವಿಸುತ್ತೇನೆ!,0
ಶುಕ್ರವಾರ...ವಿಶೇಷ ಏನೂ ಇಲ್ಲ ಅಥವಾ ಬಹುಶಃ ಇನ್ನೊಂದು ವ್ಯರ್ಥ ವಾರಾಂತ್ಯ..,0
"ಅಂತಿಮ ಟೇಬಲ್‌ಗೆ ಸಿಕ್ಕಿತು, ಆದರೆ.... ಮೂರನೆಯದಾಗಿ ಹೊರಬಿತ್ತು. ನಾನು ನನ್ನ ಉಚಿತ ಸ್ಥಾನವನ್ನು ಪಡೆಯುತ್ತೇನೆ ಎಂದು ಯೋಚಿಸಬೇಡಿ",0
ನನ್ನ ಸ್ನೇಹಿತರು ಪಾರ್ಟಿ ಮಾಡಲು ಬರುವಾಗ ನಾನು ಬೆಳಿಗ್ಗೆ ಕೆಲಸ ಮಾಡಬೇಕಾಗಿದೆ..... ಸ್ಟುಪಿಡ್ ಬೆರ್ರಿ ಲೈಟ್ ಮಿನುಗುವ...,0
ಹಂಪಲೋ ಉಮ್ ಯಾ ನಾನು ಹಾಗೆ ಭಾವಿಸುತ್ತೇನೆ... ಕೋಶವು ಸಾಯುತ್ತಿದೆ,0
ಕೆಲಸದಲ್ಲಿ ಕೊನೆಯ ದಿನ ... ಮೂಳೆಗೆ ಅನಾರೋಗ್ಯ,0
ನಾನು ಗೃಹಬಂಧನದಲ್ಲಿದ್ದೇನೆ ಎಂದು ನನಗೆ ಅನಿಸುತ್ತದೆ.,0
ಬೀಚ್‌ನಲ್ಲಿ ಏಡಿಗಳಿಗೆ ಬಳಸಲು ಚಿಪ್ಪುಗಳ ಕೊರತೆ ಇದೆ ಎಂದು ನಿಮಗೆ ತಿಳಿದಿದೆಯೇ?,0
ಇದು ದುಃಖದ ಆರ್ಥಿಕತೆ. ಇನ್ನೊಬ್ಬ ಸ್ನೇಹಿತ ತನ್ನ ಕೆಲಸವನ್ನು ಕಳೆದುಕೊಳ್ಳುವ ಬಗ್ಗೆ ಕೇಳಿದೆ. ತುಂಬಾ ದುಃಖ. ಆದರೆ ಕೇವಲ ಒಂದು ಜ್ಞಾಪನೆ ...,0
ಏನೋ ಕೆಟ್ಟದ್ದು ಸಂಭವಿಸಿದೆ ಎಂದು ನಾನು ನಿಜವಾಗಿಯೂ ಗಾಬರಿ ಮತ್ತು ಆತಂಕವನ್ನು ಅನುಭವಿಸಲು ಪ್ರಾರಂಭಿಸುತ್ತಿದ್ದೇನೆ ...,0
ನನ್ನ ನಾಯಿ ಓಡಿಹೋಯಿತು.,0
"ನಾನು ಹಿಂತಿರುಗಿದ್ದೇನೆ. ಮೇಲಿನ ಮೋಲಾರ್ ಹೊರತೆಗೆದ ಊದಿಕೊಂಡ ಮುಖ, ಎಲ್ಲಾ ನಿಶ್ಚೇಷ್ಟಿತ. ಆದರೆ ಇನ್ನು ಮುಂದೆ ಹಲ್ಲುನೋವು ಅಥವಾ ಸೈನಸ್ ನೋವು ಇರುವುದಿಲ್ಲ.",0
ನನ್ನ ಹೊಟ್ಟೆಯು ನೆಲವನ್ನು ಮುಟ್ಟುತ್ತಿರುವಂತೆ ಭಾಸವಾಗುತ್ತಿದೆ..ನಾನು ತುಂಬ ತುಂಬಿದ್ದೇನೆ,0
ತುಂಬಾ ಕೆಲಸ ತುಂಬಾ ಕಡಿಮೆ ಸಮಯ,0
"ಓಹ್, ನನ್ನ ಇಂಟರ್ನೆಟ್ ಡೌನ್ ಆಗಿತ್ತು!",0
ತುಂಬಾ ತಲೆತಿರುಗುತ್ತಿದೆ ಮತ್ತು ಮನೆಗೆ ಹೋಗಲು ಬಯಸುತ್ತೇನೆ.,0
ಅಪ್ ಮತ್ತು ಪ್ಯಾಕಿಂಗ್. ಯುವ ಶಿಬಿರದ ಕೊನೆಯ ದಿನ,0
ಯಾರಾದರೂ ದಯವಿಟ್ಟು ಹಿಮಕರಡಿಗಳನ್ನು ಉಳಿಸಿ!,0
ನಾನು ಇತ್ತೀಚೆಗೆ ಒಂದು ಟನ್ ತೂಕವನ್ನು ಪಡೆದಿದ್ದೇನೆ ಎಂದು 16 ವರ್ಷದ ಸ್ನೇಹಿತರಿಂದ ನನ್ನ ಗಮನಕ್ಕೆ ಬಂದಿದೆ. ಅವನು ಮಾಡಲಿಲ್ಲ ...,0
ನಾನು ಇಂದು ರಾತ್ರಿ ಮನೆಯಲ್ಲಿಯೇ ಇರುತ್ತೇನೆ ಎಂದು ಭಾವಿಸುತ್ತೇನೆ... ನನಗೆ ಯಾವುದೇ ಚಲನಚಿತ್ರವಿಲ್ಲ,0
"ಒಂದು ತಿಂಗಳ ಹಿಂದಿನ ಹವಾಮಾನವನ್ನು ನನಗೆ ನೆನಪಿಸುತ್ತದೆ ಅದು ಭಯಾನಕವಾಗಿತ್ತು, ಎಲ್ಲವೂ ಚೆನ್ನಾಗಿದೆ ಎಂದು ನಾನು ಭಾವಿಸುತ್ತೇನೆ",0
ನೀವು ಇನ್ನೂ ಚೆನ್ನಾಗಿ ಮಲಗಿದ್ದೀರಿ ಎಂದು ಭಾವಿಸುತ್ತೇವೆ ಹುಡುಗರೇ,0
ಅವನು ನಿದ್ದೆ ಮಾಡುತ್ತಿಲ್ಲ ಏಕೆಂದರೆ ಅವನಿಗೆ ಕಾಗದದ ಕೆಲಸವಿದೆ.,0
ಮಂಜುಗಡ್ಡೆಯ ತಣ್ಣನೆಯ ನೀರಿನಲ್ಲಿ ಸ್ನಾನವಾಯಿತು. ಈಗ ಬೆವರುತ್ತಿದೆ. ಒಂದು ವಿಷಯ ಅರ್ಥ: ನಾನು ಅನಾರೋಗ್ಯದಿಂದ ಬಳಲುತ್ತಿದ್ದೇನೆ,0
ಮಧ್ಯರಾತ್ರಿಯ ಕೂಗು.. ನನಗೆ ಬೇಕಾದ ವ್ಯಕ್ತಿ ಈಗಲೇ ಬೇಕು ಎಂದು ಹಾರೈಸು,0
"ಮತ್ತು ಈ ಬಡ, ದುರದೃಷ್ಟಕರ ಆತ್ಮಗಳು ಯಾವುದೇ ಪ್ಯಾಂಟ್ ಅನ್ನು ಹೊಂದಿರುವುದಿಲ್ಲ ...",0
ನಾನು ಎಷ್ಟು ಬಾರಿ ನನ್ನ ಕೂದಲನ್ನು ತೊಳೆಯುತ್ತೇನೆ ಎಂದು ನಾನು ನಿಮಗೆ ಹೇಳಿದರೆ ನೀವು ಮತ್ತೆ ನನ್ನೊಂದಿಗೆ ಮಾತನಾಡುವುದಿಲ್ಲ,0
"ಹೋಮ್ವರ್ಕ್ಗೆ ಮೀಸಲಾಗಿರುವ ಮತ್ತೊಂದು ನಿದ್ದೆಯಿಲ್ಲದ ರಾತ್ರಿಯಂತೆ ತೋರುತ್ತಿದೆ. ಮುಂಚಿತವಾಗಿ ಕ್ಷಮಿಸಿ, ಶ್ರೀಮತಿ ಚಾಪ್ಮನ್.",0
ನಿನಗೆ ಶುಭರಾತ್ರಿ ಹೇಳಲಿಲ್ಲ,0
ನಾನು ಕೇವಲ 10 ನಿಮಿಷಗಳ ಹಿಂದೆ ಅಪರಿಚಿತರನ್ನು ಭೇಟಿಯಾದೆ. ಅವನು ಅಂಗಡಿಯಲ್ಲಿ ನನ್ನನ್ನು ಹಿಂಬಾಲಿಸುತ್ತಿದ್ದನು,0
"ತಲೆ ನೋವಿನ ಮಾತ್ರೆಗಳನ್ನು ತೆಗೆದುಕೊಳ್ಳುತ್ತಿದ್ದೇನೆ, ನಾನು ಇಂದು ರಾತ್ರಿ ಸ್ವಲ್ಪ ನಿದ್ರೆ ಪಡೆಯಬಹುದು ಎಂದು ಭಾವಿಸುತ್ತೇನೆ",0
ಹೇ! ಅದು ನನ್ನ ಶಾಲೆ! ನಾನು ಆ ಸ್ಥಳವನ್ನು ದ್ವೇಷಿಸುತ್ತೇನೆ.,0
"ಇಂದು ಕೆಲಸ ಮಾಡಲು ತುಂಬಾ ಸಂತೋಷವಾಗಿದೆ ಎಂದು ತೋರುತ್ತಿದೆ, ನನಗೆ ಆಯ್ಕೆಯಿಲ್ಲದಿರುವುದು ಎಷ್ಟು ಕಿರಿಕಿರಿ",0
ನನ್ನ ತಂದೆ ನನ್ನನ್ನು ವನೆಸ್ಸಾ ಆಟಕ್ಕೆ ಕರೆದೊಯ್ಯುತ್ತಾರೆ ಎಂದು ಹತಾಶವಾಗಿ ಆಶಿಸುತ್ತಿದ್ದಾರೆ,0
ನಿಮ್ಮೆಲ್ಲರನ್ನೂ ಆಳವಾಗಿ ಕಳೆದುಕೊಳ್ಳುತ್ತಿದ್ದೇನೆ,0
ಯಾರಾದರೂ ದಯವಿಟ್ಟು ಹಿಮಕರಡಿಗಳನ್ನು ಉಳಿಸಿ!,0
"ನನ್ನ ಮೂಗು ಸ್ರವಿಸುತ್ತದೆ, ನನ್ನ ತಲೆ ಬಡಿಯುತ್ತಿದೆ, ಮತ್ತು ಹಲ್ಲುಗಳು ನಾಯಿಯಂತೆ ನೋವುಂಟುಮಾಡುತ್ತವೆ.",0
ಹಾಗಾಗಿ ತಡವಾದ ಜನ್ಮದಿನದ ಶುಭಾಶಯಗಳು ಎಂದು ಹೇಳಲು ನನಗೆ ಬೇಸರವಾಗಿದೆ.. ನಾನು ಕೇವಲ ಒಂದು ತಿಂಗಳು ತಡವಾಗಿದ್ದೇನೆ,0
ನಾನು ಇಂಗ್ಲಿಷ್‌ನಲ್ಲಿ ವಿಫಲವಾಗಲಿಲ್ಲ ಎಂದು ಭಾವಿಸುತ್ತೇನೆ. ಅದು ಕೇವಲ ದುಃಖಕರವಾಗಿರುತ್ತದೆ,0
ಯಾವುದು ಉತ್ತಮ ಎಂದು ತಿಳಿದಿದೆಯೇ? ನನ್ನ ಭುಜವು ನೋಯಿಸುವುದನ್ನು ನಿಲ್ಲಿಸಲು ನಾನು ಮತ್ತೆ ಸಾಮಾನ್ಯ ನಿದ್ರೆ ಮಾಡಬಹುದು. ನನಗೆ ಬೇಕು...,0
"ಯೋಜನೆ ಬದಲಾಗಬಹುದು, ಇಲ್ಲ",0
ನನ್ನ ತಂಗಿ ದುಡ್ಡಿನ ಚೀಲ,0
ಸ್ಲೈಡ್‌ಬಾರ್ ಮತ್ತು ಬೀಚ್‌ನಿಂದ ಚಿತ್ರಗಳನ್ನು ಅಪ್‌ಲೋಡ್ ಮಾಡುತ್ತಾ ರಾತ್ರಿಯ ಹೊಲಿಗೆಯನ್ನು ಮುಗಿಸಿದರು. ನಾನು ಹೊಂದಿದ್ದೇನೆ ಎಂದು ನಾನು ನಂಬಲು ಸಾಧ್ಯವಿಲ್ಲ ...,0
ಸಂಖ್ಯೆ ನಿಜವೇ ಎಂದು ನೋಡಲು ಒಬ್ಬ ವ್ಯಕ್ತಿ ಅವಳ ಫೋನ್‌ಗೆ ಕರೆ ಮಾಡುತ್ತಾನೆ) ಓಹ್ ನನ್ನ ಫೋನ್ ಕಾರ್ಯನಿರ್ವಹಿಸುತ್ತಿಲ್ಲ.,0
ಬಾಯಾರಿದ ಮತ್ತು ಏಕಾಂಗಿ ... ನೀವು ಬಗರ್‌ಗಳು ನನಗೆ ಶುಲ್ಕವನ್ನು ನೀಡುತ್ತಿದ್ದೀರಿ ...,0
ನನಗೆ ಗೊತ್ತು. ಕೊನೆಯ 6 ನಿಮಿಷಗಳಲ್ಲಿ ಮುನ್ನಡೆಯನ್ನು ಕಳೆದುಕೊಳ್ಳುವ ಸಲುವಾಗಿ ನಾವು 22 ರಿಂದ 1 ನೇ ಕೆಳಗೆ ಹಿಂತಿರುಗಿದೆವು...,0
ದೇವರೇ... ಫಿಲಿಪೈನ್ಸ್‌ನಲ್ಲಿ ಬೇಸಿಗೆ ರಜೆ ಬಹುತೇಕ ಮುಗಿದಿದೆ.. ಸ್ವಲ್ಪ ದುಃಖವಾಗಿದೆ.. ನಾನು ಯಾವ ವಿಭಾಗವನ್ನು ಯೋಚಿಸುತ್ತೇನೆ ...,0
ನಾನು ಆರ್ಚಿ ವೆಬ್‌ಸೈಟ್‌ನ ಸುದ್ದಿ ಫೀಡ್‌ಗಳನ್ನು ಸಹ ನೋಡಿದ್ದೇನೆ. ಆದರೆ ಅವನು ವೆರೋನಿಕಾಳನ್ನು ಆರಿಸಿಕೊಳ್ಳುತ್ತಾನೆ ಎಂದು ನಂಬಲು ಸಾಧ್ಯವಿಲ್ಲ.,0
ತಲೆಕೆಳಗಾದ ಟೊಮೆಟೊ ಗಿಡಗಳು ಸತ್ತು ಹೋದವು!,0
"ನನಗೆ ಗೊತ್ತು, ನನ್ನ ತಂದೆ ಇನ್ನೂ ಫ್ಯಾಮ್ಜ್‌ಗೆ ಹೇಳಿದ್ದರೆ ನನಗೆ ಗೊತ್ತಿಲ್ಲ ಎಂದು ಯಾರಿಗೂ ಹೇಳಬೇಡಿ. ನಾನು ತೆಗೆದುಕೊಳ್ಳುತ್ತಿದ್ದೇನೆ ಎಂದು ನಾನು ಭಾವಿಸುತ್ತೇನೆ ...",0
ಹಾಸಿಗೆಯಲ್ಲಿ ಟಿವಿಗಾಗಿ ಸಮಯ. ನಂತರ ದಿನವಿಡೀ ಅಧ್ಯಯನ ಮಾಡುವುದರಲ್ಲಿ ಕಳೆಯುತ್ತಿದ್ದೇನೆ ನಾನು ಆನ್‌ಲೈನ್ ಬೇಸಿಗೆ ತರಗತಿಗಳನ್ನು ದ್ವೇಷಿಸುತ್ತೇನೆ,0
ನಾನು ಒಪ್ಪುತ್ತೇನೆ... ನಮಗೆ ಸಮಸ್ಯೆ ಇದೆ. ನಾವು ಖರ್ಚು ಮಾಡುವುದನ್ನು ನಿಲ್ಲಿಸಬೇಕು ಮತ್ತು ಕೆಲಸ ಮಾತ್ರ ಮಾಡಬೇಕು !!!,0
ನಾನು ನಿಜವಾಗಿಯೂ ಹುಚ್ಚನಂತೆ ಕಾಣುತ್ತೇನೆ !! ನಿಟ್ಟುಸಿರು ಸ್ನಾನ ಮಾಡಲು 35 ನಿಮಿಷಗಳು ಮತ್ತು ಸಿದ್ಧವಾಗಲು 10 ನಿಮಿಷಗಳು ಮಾತ್ರ,0
ನಿದ್ರೆ ಬರುತ್ತಿಲ್ಲ. 2+ ಗಂಟೆಗಳ ಟಾಸ್ ಮತ್ತು ಟರ್ನಿಂಗ್.,0
ನಾನು ಈಗಷ್ಟೇ ತೆರಿಗೆ ರಿಟರ್ನ್ ಚೆಕ್ ಅನ್ನು ಠೇವಣಿ ಮಾಡಿದ್ದೇನೆ ಆದರೆ 7+ ವರ್ಷಗಳಲ್ಲಿ ಮೊದಲ ಬಾರಿಗೆ ಅದು ಕ್ಲಿಯರ್ ಆಗಲಿಲ್ಲ...,0
ನಾನು ಸೂಜಿಯನ್ನು ತೆಗೆದುಕೊಳ್ಳಬಹುದೆಂದು ಯೋಚಿಸಬೇಡ. ಕೆಲವು ತಿಂಗಳು ಡ್ರಗ್ಸ್ ಕುರಿತು ಭಯಾನಕ ಕಿರುಚಿತ್ರವನ್ನು ವೀಕ್ಷಿಸಿದೆ...,0
ಮಳೆ ನನ್ನ ಮನಸ್ಥಿತಿಯನ್ನು ಹಾಳು ಮಾಡುತ್ತಿದೆ,0
ಕೆಲಸಕ್ಕೆ ಎದ್ದೇಳಲು ಯೋಚಿಸುತ್ತಿದೆ,0
ಅವರ ಯೋಜನೆಗಳು ಪತ್ತೆಯಾದ ಕಾರಣ ಅವರು ಕೋಪಗೊಂಡರು.,0
ಈ ತಮಾಷೆಯ ವ್ಯಕ್ತಿ ಆ ರಾತ್ರಿ ಅವಳು ಮೊದಲು ಎದುರಿಸಿದ ಅದೇ ಕೋಪದ ವ್ಯಕ್ತಿ ಎಂದು ನಂಬಲು ಕಷ್ಟವಾಗಿತ್ತು.,0
"ನೆಸ್ವಿಟ್ಸ್ಕಿ ಕೋಪಗೊಂಡ ಮುಖದೊಂದಿಗೆ, ಕೆಂಪು ಮತ್ತು ತನಗಿಂತ ಭಿನ್ನವಾಗಿ, ಕುಟುಜೋವ್ಗೆ ಕೂಗುತ್ತಿದ್ದನು, ಅವನು ತಕ್ಷಣವೇ ಓಡಿಸದಿದ್ದರೆ, ಅವನು ಖಂಡಿತವಾಗಿಯೂ ಸೆರೆಯಾಳಾಗುತ್ತಾನೆ.",0
"ಮಾರ್ಥಾ ಕೋಪಗೊಂಡಳು, ಖಂಡಿತವಾಗಿಯೂ ಅಪರಾಧಿಯ ಮೇಲೆ ಆದರೆ ವಾರ್ವಿಕ್ ಪೋಲಿಸ್ನ ಮೇಲೆ ಆ ವ್ಯಕ್ತಿಯನ್ನು ಸಂಕ್ಷಿಪ್ತವಾಗಿ ಬಂಧಿಸಲಿಲ್ಲ ಮತ್ತು ಹುಡುಗನನ್ನು ರಕ್ಷಿಸಲಿಲ್ಲ.",0
ಬಂದಿದ್ದಕ್ಕೆ ನಿನಗೆ ನನ್ನ ಮೇಲೆ ಕೋಪವಿಲ್ಲವೇ?,0
ಕೋಪಗೊಂಡ ಎಮೋಟಿಕಾನ್‌ಗಳ ಸ್ಟ್ರಿಂಗ್‌ನೊಂದಿಗೆ ಡಸ್ಟಿ ತನ್ನ ಸಂದೇಶವನ್ನು ಕೊನೆಗೊಳಿಸಿದನು,0
ಅವನ ತಂದೆಯ ಕೋಪದ ದನಿಯು ಕಪಾಳಮೋಕ್ಷದಿಂದ ಕೂಡಿತ್ತು.,0
"ಆಗ ಒಬ್ಬ ತೆಳ್ಳಗಿನ, ಮಸುಕಾದ ಸೈನಿಕನು, ಅವನ ಕುತ್ತಿಗೆಗೆ ರಕ್ತಸಿಕ್ತ ಲೆಗ್ ಬ್ಯಾಂಡ್‌ನಿಂದ ಬ್ಯಾಂಡೇಜ್ ಮಾಡಲ್ಪಟ್ಟನು ಮತ್ತು ಕೋಪದ ಸ್ವರದಲ್ಲಿ ಫಿರಂಗಿಗಳನ್ನು ನೀರು ಕೇಳಿದನು.",0
ಅವಳ ಕಣ್ಣುಗಳು ಕೋಪಗೊಂಡ ಮೋಡಗಳ ಕಡೆಗೆ ಹೋದವು.,0
ಅವನಿಗೆ ಒಂದು ನಿಮಿಷ ಕೋಪ ಮತ್ತು ಮರುಕ್ಷಣ ತಮಾಷೆ ಮಾಡಿದ್ದು ಏನು ಎಂದು ಅವಳಿಗೆ ತಿಳಿದಿರಲಿಲ್ಲ.,0
"ಅವನ ದೇಹವು ಕೋಪಗೊಂಡ ಶಕ್ತಿಯಿಂದ ಅಲೆಯುತ್ತಿತ್ತು, ಅದು ಅವಳನ್ನು ದೂರವಿರುವಂತೆ ಮಾಡಿತು.",0


